# Blender 4.2.1 LTS
# www.blender.org
mtllib shield.mtl
o Torus.002
v -0.000000 0.000000 -9.480800
v 1.540826 0.000000 -9.233630
v 2.668788 0.000000 -8.558351
v 3.081652 0.000000 -7.635900
v 2.668789 0.000000 -6.713451
v 1.540826 0.000000 -6.038170
v -0.000000 0.000000 -5.791001
v -1.540826 0.000000 -6.038170
v -2.668789 0.000000 -6.713451
v -3.081652 0.000000 -7.635900
v -2.668789 0.000000 -8.558351
v -1.540826 0.000000 -9.233630
v -0.000000 1.237493 -9.399691
v 1.540826 1.205230 -9.154635
v 2.668788 1.117089 -8.485132
v 3.081652 0.996685 -7.570574
v 2.668789 0.876281 -6.656016
v 1.540826 0.788139 -5.986513
v -0.000000 0.755877 -5.741458
v -1.540826 0.788139 -5.986513
v -2.668789 0.876281 -6.656016
v -3.081652 0.996685 -7.570574
v -2.668789 1.117089 -8.485132
v -1.540826 1.205230 -9.154635
v -0.000000 2.453811 -9.157749
v 1.540826 2.389839 -8.919003
v 2.668788 2.215064 -8.266732
v 3.081652 1.976316 -7.375713
v 2.668789 1.737569 -6.484695
v 1.540826 1.562793 -5.832425
v -0.000000 1.498821 -5.593677
v -1.540826 1.562793 -5.832425
v -2.668789 1.737569 -6.484695
v -3.081652 1.976316 -7.375713
v -2.668789 2.215064 -8.266732
v -1.540826 2.389839 -8.919003
v -0.000000 3.628145 -8.759117
v 1.540826 3.533557 -8.530763
v 2.668789 3.275139 -7.906884
v 3.081652 2.922132 -7.054653
v 2.668789 2.569126 -6.202420
v 1.540826 2.310708 -5.578543
v -0.000000 2.216120 -5.350187
v -1.540826 2.310708 -5.578543
v -2.668789 2.569126 -6.202420
v -3.081652 2.922132 -7.054653
v -2.668789 3.275138 -7.906884
v -1.540826 3.533557 -8.530763
v -0.000000 4.740400 -8.210613
v 1.540826 4.616816 -7.996558
v 2.668789 4.279175 -7.411748
v 3.081652 3.817951 -6.612884
v 2.668789 3.356726 -5.814019
v 1.540826 3.019086 -5.229209
v -0.000000 2.895501 -5.015153
v -1.540826 3.019086 -5.229209
v -2.668789 3.356726 -5.814019
v -3.081652 3.817951 -6.612884
v -2.668789 4.279175 -7.411748
v -1.540826 4.616816 -7.996558
v -0.000000 5.771545 -7.521625
v 1.540826 5.621078 -7.325531
v 2.668789 5.209993 -6.789796
v 3.081652 4.648441 -6.057968
v 2.668789 4.086889 -5.326138
v 1.540826 3.675805 -4.790403
v -0.000000 3.525338 -4.594310
v -1.540826 3.675805 -4.790403
v -2.668789 4.086889 -5.326138
v -3.081652 4.648441 -6.057967
v -2.668789 5.209993 -6.789796
v -1.540826 5.621078 -7.325532
v -0.000000 6.703938 -6.703938
v 1.540826 6.529162 -6.529162
v 2.668789 6.051667 -6.051668
v 3.081652 5.399397 -5.399397
v 2.668789 4.747127 -4.747126
v 1.540826 4.269631 -4.269631
v -0.000000 4.094856 -4.094856
v -1.540826 4.269631 -4.269631
v -2.668789 4.747127 -4.747126
v -3.081652 5.399397 -5.399397
v -2.668789 6.051667 -6.051668
v -1.540826 6.529162 -6.529162
v -0.000000 7.521624 -5.771546
v 1.540826 7.325531 -5.621078
v 2.668789 6.789794 -5.209994
v 3.081652 6.057966 -4.648442
v 2.668789 5.326138 -4.086890
v 1.540826 4.790402 -3.675806
v -0.000000 4.594310 -3.525339
v -1.540826 4.790402 -3.675806
v -2.668789 5.326138 -4.086890
v -3.081652 6.057966 -4.648442
v -2.668789 6.789794 -5.209994
v -1.540826 7.325531 -5.621079
v -0.000000 8.210614 -4.740400
v 1.540826 7.996559 -4.616815
v 2.668789 7.411749 -4.279175
v 3.081652 6.612884 -3.817951
v 2.668789 5.814019 -3.356725
v 1.540826 5.229209 -3.019085
v -0.000000 5.015154 -2.895500
v -1.540826 5.229209 -3.019085
v -2.668789 5.814019 -3.356725
v -3.081652 6.612884 -3.817950
v -2.668789 7.411749 -4.279175
v -1.540826 7.996559 -4.616815
v -0.000000 8.759116 -3.628147
v 1.540826 8.530762 -3.533559
v 2.668789 7.906884 -3.275141
v 3.081652 7.054652 -2.922134
v 2.668789 6.202419 -2.569127
v 1.540826 5.578542 -2.310709
v -0.000000 5.350187 -2.216121
v -1.540826 5.578542 -2.310709
v -2.668789 6.202419 -2.569127
v -3.081652 7.054652 -2.922134
v -2.668789 7.906884 -3.275141
v -1.540826 8.530762 -3.533559
v -0.000000 9.157749 -2.453812
v 1.540826 8.919002 -2.389840
v 2.668789 8.266732 -2.215065
v 3.081652 7.375713 -1.976317
v 2.668789 6.484695 -1.737569
v 1.540826 5.832425 -1.562794
v -0.000000 5.593677 -1.498821
v -1.540826 5.832425 -1.562793
v -2.668789 6.484695 -1.737569
v -3.081652 7.375713 -1.976316
v -2.668789 8.266732 -2.215065
v -1.540826 8.919002 -2.389840
v -0.000000 9.399691 -1.237492
v 1.540826 9.154635 -1.205230
v 2.668789 8.485132 -1.117088
v 3.081652 7.570574 -0.996684
v 2.668789 6.656016 -0.876280
v 1.540826 5.986513 -0.788139
v -0.000000 5.741458 -0.755877
v -1.540826 5.986513 -0.788139
v -2.668789 6.656016 -0.876280
v -3.081652 7.570574 -0.996684
v -2.668789 8.485132 -1.117088
v -1.540826 9.154635 -1.205229
v -0.000000 9.480800 -0.000000
v 1.540826 9.233630 -0.000000
v 2.668789 8.558351 -0.000000
v 3.081652 7.635900 -0.000000
v 2.668789 6.713451 -0.000000
v 1.540826 6.038170 -0.000000
v -0.000000 5.791001 -0.000000
v -1.540826 6.038170 -0.000000
v -2.668789 6.713451 0.000000
v -3.081652 7.635900 0.000000
v -2.668789 8.558351 -0.000000
v -1.540826 9.233630 -0.000000
v 0.000000 9.399691 1.237493
v 1.540826 9.154635 1.205231
v 2.668789 8.485132 1.117089
v 3.081652 7.570574 0.996686
v 2.668789 6.656016 0.876282
v 1.540826 5.986514 0.788140
v 0.000000 5.741458 0.755878
v -1.540826 5.986513 0.788140
v -2.668789 6.656016 0.876282
v -3.081652 7.570574 0.996686
v -2.668789 8.485132 1.117090
v -1.540826 9.154635 1.205231
v 0.000000 9.157749 2.453811
v 1.540826 8.919003 2.389839
v 2.668789 8.266732 2.215064
v 3.081652 7.375713 1.976316
v 2.668789 6.484696 1.737568
v 1.540826 5.832425 1.562793
v 0.000000 5.593677 1.498821
v -1.540826 5.832425 1.562793
v -2.668789 6.484696 1.737569
v -3.081652 7.375713 1.976316
v -2.668789 8.266732 2.215064
v -1.540826 8.919003 2.389839
v 0.000000 8.759117 3.628145
v 1.540826 8.530762 3.533558
v 2.668789 7.906884 3.275139
v 3.081652 7.054652 2.922132
v 2.668789 6.202420 2.569127
v 1.540826 5.578542 2.310708
v 0.000000 5.350187 2.216120
v -1.540826 5.578542 2.310708
v -2.668789 6.202420 2.569127
v -3.081652 7.054652 2.922133
v -2.668789 7.906884 3.275139
v -1.540826 8.530762 3.533558
v 0.000000 8.210614 4.740399
v 1.540826 7.996559 4.616814
v 2.668789 7.411749 4.279174
v 3.081652 6.612885 3.817949
v 2.668789 5.814019 3.356725
v 1.540826 5.229209 3.019085
v 0.000000 5.015155 2.895500
v -1.540826 5.229209 3.019085
v -2.668789 5.814019 3.356725
v -3.081652 6.612885 3.817950
v -2.668789 7.411749 4.279174
v -1.540826 7.996559 4.616814
v 0.000000 7.521624 5.771545
v 1.540826 7.325531 5.621078
v 2.668789 6.789795 5.209993
v 3.081652 6.057967 4.648442
v 2.668789 5.326138 4.086890
v 1.540826 4.790402 3.675805
v 0.000000 4.594310 3.525338
v -1.540826 4.790402 3.675805
v -2.668789 5.326138 4.086890
v -3.081652 6.057967 4.648442
v -2.668789 6.789795 5.209993
v -1.540826 7.325531 5.621078
v 0.000000 6.703936 6.703939
v 1.540826 6.529161 6.529164
v 2.668789 6.051666 6.051669
v 3.081652 5.399396 5.399398
v 2.668789 4.747126 4.747128
v 1.540826 4.269630 4.269632
v 0.000000 4.094855 4.094857
v -1.540826 4.269630 4.269632
v -2.668789 4.747126 4.747128
v -3.081652 5.399396 5.399398
v -2.668789 6.051666 6.051669
v -1.540826 6.529161 6.529164
v 0.000000 5.771545 7.521624
v 1.540826 5.621078 7.325531
v 2.668789 5.209993 6.789795
v 3.081652 4.648442 6.057967
v 2.668789 4.086890 5.326138
v 1.540826 3.675805 4.790402
v 0.000000 3.525338 4.594310
v -1.540826 3.675805 4.790402
v -2.668789 4.086890 5.326138
v -3.081652 4.648442 6.057967
v -2.668789 5.209993 6.789795
v -1.540826 5.621078 7.325531
v 0.000000 4.740402 8.210612
v 1.540826 4.616817 7.996558
v 2.668789 4.279176 7.411748
v 3.081652 3.817952 6.612883
v 2.668789 3.356726 5.814018
v 1.540826 3.019086 5.229208
v 0.000000 2.895502 5.015153
v -1.540826 3.019086 5.229208
v -2.668789 3.356726 5.814018
v -3.081652 3.817952 6.612883
v -2.668789 4.279176 7.411748
v -1.540826 4.616817 7.996558
v 0.000000 3.628146 8.759117
v 1.540826 3.533558 8.530762
v 2.668789 3.275139 7.906884
v 3.081652 2.922133 7.054652
v 2.668789 2.569127 6.202419
v 1.540826 2.310708 5.578542
v 0.000000 2.216120 5.350187
v -1.540826 2.310708 5.578542
v -2.668789 2.569127 6.202419
v -3.081652 2.922133 7.054652
v -2.668789 3.275139 7.906884
v -1.540826 3.533558 8.530762
v 0.000000 2.453811 9.157749
v 1.540826 2.389839 8.919003
v 2.668789 2.215064 8.266732
v 3.081652 1.976316 7.375714
v 2.668789 1.737568 6.484696
v 1.540826 1.562793 5.832425
v 0.000000 1.498821 5.593677
v -1.540826 1.562793 5.832425
v -2.668789 1.737568 6.484696
v -3.081652 1.976316 7.375713
v -2.668788 2.215064 8.266732
v -1.540826 2.389839 8.919003
v 0.000000 1.237494 9.399690
v 1.540826 1.205231 9.154635
v 2.668789 1.117090 8.485132
v 3.081652 0.996686 7.570574
v 2.668789 0.876282 6.656016
v 1.540826 0.788140 5.986513
v 0.000000 0.755878 5.741458
v -1.540826 0.788140 5.986513
v -2.668789 0.876282 6.656016
v -3.081652 0.996686 7.570574
v -2.668788 1.117090 8.485132
v -1.540826 1.205231 9.154635
v 0.000000 0.000001 9.480800
v 1.540826 0.000001 9.233630
v 2.668789 0.000001 8.558350
v 3.081652 0.000001 7.635900
v 2.668789 0.000000 6.713451
v 1.540826 0.000000 6.038170
v 0.000000 0.000000 5.791001
v -1.540826 0.000000 6.038170
v -2.668789 0.000000 6.713451
v -3.081652 0.000001 7.635900
v -2.668788 0.000001 8.558351
v -1.540826 0.000001 9.233630
v 0.000000 -1.237493 9.399691
v 1.540826 -1.205231 9.154635
v 2.668789 -1.117089 8.485132
v 3.081652 -0.996686 7.570574
v 2.668789 -0.876282 6.656016
v 1.540826 -0.788140 5.986514
v 0.000000 -0.755878 5.741458
v -1.540826 -0.788140 5.986513
v -2.668789 -0.876282 6.656016
v -3.081652 -0.996686 7.570574
v -2.668788 -1.117089 8.485132
v -1.540826 -1.205231 9.154635
v 0.000000 -2.453810 9.157749
v 1.540826 -2.389838 8.919003
v 2.668789 -2.215063 8.266732
v 3.081652 -1.976316 7.375713
v 2.668789 -1.737568 6.484696
v 1.540826 -1.562793 5.832425
v 0.000000 -1.498821 5.593677
v -1.540826 -1.562793 5.832425
v -2.668789 -1.737568 6.484696
v -3.081652 -1.976316 7.375713
v -2.668788 -2.215063 8.266732
v -1.540826 -2.389838 8.919003
v 0.000000 -3.628142 8.759118
v 1.540826 -3.533555 8.530764
v 2.668789 -3.275136 7.906886
v 3.081652 -2.922130 7.054653
v 2.668789 -2.569124 6.202421
v 1.540826 -2.310706 5.578543
v 0.000000 -2.216118 5.350188
v -1.540826 -2.310706 5.578543
v -2.668789 -2.569124 6.202421
v -3.081652 -2.922130 7.054654
v -2.668789 -3.275136 7.906886
v -1.540826 -3.533555 8.530764
v 0.000000 -4.740398 8.210615
v 1.540826 -4.616813 7.996559
v 2.668789 -4.279173 7.411749
v 3.081652 -3.817949 6.612885
v 2.668789 -3.356724 5.814020
v 1.540826 -3.019084 5.229209
v 0.000000 -2.895499 5.015155
v -1.540826 -3.019084 5.229210
v -2.668789 -3.356724 5.814019
v -3.081652 -3.817949 6.612885
v -2.668789 -4.279173 7.411749
v -1.540826 -4.616813 7.996559
v 0.000000 -5.771545 7.521625
v 1.540826 -5.621078 7.325532
v 2.668789 -5.209993 6.789795
v 3.081652 -4.648441 6.057967
v 2.668789 -4.086889 5.326138
v 1.540826 -3.675805 4.790402
v 0.000000 -3.525338 4.594310
v -1.540826 -3.675805 4.790403
v -2.668789 -4.086889 5.326138
v -3.081652 -4.648441 6.057967
v -2.668789 -5.209993 6.789795
v -1.540826 -5.621078 7.325531
v 0.000000 -6.703936 6.703940
v 1.540826 -6.529161 6.529164
v 2.668789 -6.051666 6.051669
v 3.081652 -5.399395 5.399398
v 2.668789 -4.747125 4.747128
v 1.540826 -4.269630 4.269633
v 0.000000 -4.094855 4.094857
v -1.540826 -4.269630 4.269633
v -2.668789 -4.747125 4.747128
v -3.081652 -5.399395 5.399398
v -2.668789 -6.051666 6.051669
v -1.540826 -6.529161 6.529164
v 0.000000 -7.521622 5.771549
v 1.540826 -7.325530 5.621081
v 2.668789 -6.789793 5.209996
v 3.081652 -6.057965 4.648444
v 2.668789 -5.326137 4.086892
v 1.540826 -4.790401 3.675807
v 0.000000 -4.594309 3.525340
v -1.540826 -4.790401 3.675807
v -2.668789 -5.326137 4.086892
v -3.081652 -6.057965 4.648444
v -2.668789 -6.789793 5.209996
v -1.540826 -7.325530 5.621081
v 0.000000 -8.210614 4.740399
v 1.540826 -7.996559 4.616815
v 2.668789 -7.411749 4.279174
v 3.081652 -6.612884 3.817950
v 2.668789 -5.814019 3.356725
v 1.540826 -5.229209 3.019085
v 0.000000 -5.015154 2.895500
v -1.540826 -5.229209 3.019085
v -2.668789 -5.814019 3.356725
v -3.081652 -6.612884 3.817950
v -2.668789 -7.411749 4.279174
v -1.540826 -7.996559 4.616815
v 0.000000 -8.759116 3.628146
v 1.540826 -8.530762 3.533558
v 2.668789 -7.906884 3.275140
v 3.081652 -7.054652 2.922133
v 2.668789 -6.202420 2.569127
v 1.540826 -5.578542 2.310709
v 0.000000 -5.350187 2.216120
v -1.540826 -5.578542 2.310708
v -2.668789 -6.202420 2.569127
v -3.081652 -7.054652 2.922133
v -2.668789 -7.906884 3.275140
v -1.540826 -8.530762 3.533558
v 0.000000 -9.157748 2.453815
v 1.540826 -8.919002 2.389843
v 2.668789 -8.266731 2.215067
v 3.081652 -7.375713 1.976319
v 2.668789 -6.484695 1.737571
v 1.540826 -5.832424 1.562796
v 0.000000 -5.593677 1.498823
v -1.540826 -5.832424 1.562796
v -2.668789 -6.484695 1.737571
v -3.081652 -7.375713 1.976319
v -2.668789 -8.266731 2.215067
v -1.540826 -8.919002 2.389843
v 0.000000 -9.399690 1.237497
v 1.540826 -9.154635 1.205235
v 2.668789 -8.485132 1.117093
v 3.081652 -7.570574 0.996689
v 2.668789 -6.656015 0.876284
v 1.540826 -5.986513 0.788142
v 0.000000 -5.741457 0.755880
v -1.540826 -5.986513 0.788142
v -2.668789 -6.656015 0.876285
v -3.081652 -7.570574 0.996689
v -2.668789 -8.485132 1.117093
v -1.540826 -9.154635 1.205235
v 0.000000 -9.480800 0.000000
v 1.540826 -9.233630 0.000000
v 2.668789 -8.558350 0.000000
v 3.081652 -7.635900 0.000000
v 2.668789 -6.713450 0.000000
v 1.540826 -6.038170 0.000000
v 0.000000 -5.791001 0.000000
v -1.540826 -6.038170 0.000000
v -2.668789 -6.713451 0.000000
v -3.081652 -7.635900 0.000000
v -2.668789 -8.558351 0.000000
v -1.540826 -9.233630 0.000000
v -0.000000 -9.399691 -1.237491
v 1.540826 -9.154635 -1.205229
v 2.668789 -8.485132 -1.117087
v 3.081652 -7.570574 -0.996684
v 2.668789 -6.656016 -0.876280
v 1.540826 -5.986514 -0.788138
v -0.000000 -5.741458 -0.755876
v -1.540826 -5.986514 -0.788138
v -2.668789 -6.656016 -0.876280
v -3.081652 -7.570574 -0.996684
v -2.668789 -8.485132 -1.117087
v -1.540826 -9.154635 -1.205229
v -0.000000 -9.157750 -2.453809
v 1.540826 -8.919003 -2.389837
v 2.668789 -8.266732 -2.215061
v 3.081652 -7.375714 -1.976314
v 2.668789 -6.484696 -1.737567
v 1.540826 -5.832425 -1.562792
v -0.000000 -5.593678 -1.498819
v -1.540826 -5.832425 -1.562791
v -2.668789 -6.484696 -1.737567
v -3.081652 -7.375714 -1.976314
v -2.668789 -8.266732 -2.215061
v -1.540826 -8.919003 -2.389837
v -0.000000 -8.759116 -3.628146
v 1.540826 -8.530762 -3.533558
v 2.668789 -7.906884 -3.275140
v 3.081652 -7.054652 -2.922134
v 2.668789 -6.202419 -2.569127
v 1.540826 -5.578542 -2.310709
v -0.000000 -5.350187 -2.216121
v -1.540826 -5.578542 -2.310709
v -2.668789 -6.202419 -2.569127
v -3.081652 -7.054652 -2.922133
v -2.668789 -7.906884 -3.275140
v -1.540826 -8.530762 -3.533558
v -0.000000 -8.210614 -4.740400
v 1.540826 -7.996559 -4.616815
v 2.668789 -7.411749 -4.279174
v 3.081652 -6.612884 -3.817950
v 2.668789 -5.814019 -3.356725
v 1.540826 -5.229209 -3.019085
v -0.000000 -5.015154 -2.895500
v -1.540826 -5.229209 -3.019085
v -2.668789 -5.814019 -3.356725
v -3.081652 -6.612884 -3.817950
v -2.668789 -7.411749 -4.279174
v -1.540826 -7.996559 -4.616815
v -0.000000 -7.521626 -5.771543
v 1.540826 -7.325533 -5.621076
v 2.668789 -6.789797 -5.209991
v 3.081652 -6.057969 -4.648440
v 2.668789 -5.326140 -4.086888
v 1.540826 -4.790403 -3.675804
v -0.000000 -4.594310 -3.525337
v -1.540826 -4.790403 -3.675804
v -2.668789 -5.326140 -4.086888
v -3.081652 -6.057969 -4.648440
v -2.668789 -6.789797 -5.209991
v -1.540826 -7.325533 -5.621076
v -0.000000 -6.703941 -6.703936
v 1.540826 -6.529166 -6.529160
v 2.668789 -6.051670 -6.051665
v 3.081652 -5.399400 -5.399395
v 2.668789 -4.747128 -4.747125
v 1.540826 -4.269633 -4.269629
v -0.000000 -4.094858 -4.094854
v -1.540826 -4.269633 -4.269629
v -2.668789 -4.747128 -4.747125
v -3.081652 -5.399400 -5.399395
v -2.668789 -6.051670 -6.051665
v -1.540826 -6.529166 -6.529160
v -0.000000 -5.771545 -7.521625
v 1.540826 -5.621078 -7.325531
v 2.668789 -5.209993 -6.789795
v 3.081652 -4.648442 -6.057967
v 2.668789 -4.086890 -5.326138
v 1.540826 -3.675805 -4.790403
v -0.000000 -3.525338 -4.594310
v -1.540826 -3.675805 -4.790403
v -2.668789 -4.086890 -5.326138
v -3.081652 -4.648441 -6.057967
v -2.668789 -5.209993 -6.789795
v -1.540826 -5.621078 -7.325531
v -0.000000 -4.740401 -8.210613
v 1.540826 -4.616816 -7.996558
v 2.668789 -4.279176 -7.411748
v 3.081652 -3.817951 -6.612884
v 2.668789 -3.356726 -5.814018
v 1.540826 -3.019086 -5.229208
v -0.000000 -2.895501 -5.015153
v -1.540826 -3.019086 -5.229208
v -2.668789 -3.356726 -5.814018
v -3.081652 -3.817951 -6.612883
v -2.668789 -4.279176 -7.411748
v -1.540826 -4.616816 -7.996558
v -0.000000 -3.628148 -8.759116
v 1.540826 -3.533560 -8.530762
v 2.668789 -3.275141 -7.906883
v 3.081652 -2.922134 -7.054652
v 2.668789 -2.569128 -6.202419
v 1.540826 -2.310709 -5.578542
v -0.000000 -2.216122 -5.350186
v -1.540826 -2.310709 -5.578542
v -2.668789 -2.569128 -6.202419
v -3.081652 -2.922134 -7.054652
v -2.668789 -3.275141 -7.906883
v -1.540826 -3.533560 -8.530762
v -0.000000 -2.453810 -9.157749
v 1.540826 -2.389838 -8.919003
v 2.668788 -2.215063 -8.266732
v 3.081652 -1.976315 -7.375713
v 2.668789 -1.737568 -6.484696
v 1.540826 -1.562793 -5.832425
v -0.000000 -1.498820 -5.593677
v -1.540826 -1.562793 -5.832425
v -2.668789 -1.737568 -6.484696
v -3.081652 -1.976315 -7.375713
v -2.668789 -2.215063 -8.266732
v -1.540826 -2.389838 -8.919003
v -0.000000 -1.237492 -9.399691
v 1.540826 -1.205230 -9.154635
v 2.668788 -1.117088 -8.485132
v 3.081652 -0.996685 -7.570575
v 2.668789 -0.876281 -6.656016
v 1.540826 -0.788139 -5.986513
v -0.000000 -0.755877 -5.741458
v -1.540826 -0.788139 -5.986513
v -2.668789 -0.876281 -6.656016
v -3.081652 -0.996685 -7.570574
v -2.668789 -1.117088 -8.485132
v -1.540826 -1.205230 -9.154635
vn 0.1581 0.0646 -0.9853
vn 0.5128 0.0561 -0.8566
vn 0.9124 0.0268 -0.4084
vn 0.9124 -0.0268 0.4084
vn 0.5128 -0.0561 0.8566
vn 0.1581 -0.0646 0.9853
vn -0.1581 -0.0646 0.9853
vn -0.5128 -0.0561 0.8566
vn -0.9124 -0.0268 0.4084
vn -0.9124 0.0268 -0.4084
vn -0.5128 0.0561 -0.8566
vn -0.1581 0.0646 -0.9853
vn 0.1581 0.1926 -0.9685
vn 0.5128 0.1675 -0.8420
vn 0.9124 0.0798 -0.4014
vn 0.9124 -0.0798 0.4014
vn 0.5128 -0.1675 0.8420
vn 0.1581 -0.1926 0.9685
vn -0.1581 -0.1926 0.9685
vn -0.5128 -0.1675 0.8420
vn -0.9124 -0.0798 0.4014
vn -0.9124 0.0798 -0.4014
vn -0.5128 0.1675 -0.8420
vn -0.1581 0.1926 -0.9685
vn 0.1581 0.3174 -0.9350
vn 0.5128 0.2759 -0.8129
vn 0.9124 0.1315 -0.3875
vn 0.9124 -0.1315 0.3875
vn 0.5128 -0.2759 0.8129
vn 0.1581 -0.3174 0.9350
vn -0.1581 -0.3174 0.9350
vn -0.5128 -0.2759 0.8129
vn -0.9124 -0.1315 0.3875
vn -0.9124 0.1315 -0.3875
vn -0.5128 0.2760 -0.8129
vn -0.1581 0.3174 -0.9350
vn 0.1581 0.4367 -0.8856
vn 0.5128 0.3797 -0.7699
vn 0.9124 0.1810 -0.3670
vn 0.9124 -0.1810 0.3670
vn 0.5128 -0.3797 0.7699
vn 0.1581 -0.4367 0.8856
vn -0.1581 -0.4367 0.8856
vn -0.5128 -0.3797 0.7699
vn -0.9124 -0.1810 0.3670
vn -0.9124 0.1810 -0.3670
vn -0.5128 0.3797 -0.7699
vn -0.1581 0.4367 -0.8856
vn 0.1581 0.5486 -0.8210
vn 0.5128 0.4769 -0.7138
vn 0.9124 0.2274 -0.3403
vn 0.9124 -0.2274 0.3403
vn 0.5128 -0.4769 0.7138
vn 0.1581 -0.5486 0.8210
vn -0.1581 -0.5486 0.8210
vn -0.5128 -0.4769 0.7138
vn -0.9124 -0.2274 0.3403
vn -0.9124 0.2274 -0.3403
vn -0.5128 0.4769 -0.7138
vn -0.1581 0.5486 -0.8210
vn 0.1581 0.6511 -0.7424
vn 0.5128 0.5660 -0.6454
vn 0.9124 0.2698 -0.3077
vn 0.9124 -0.2698 0.3077
vn 0.5128 -0.5660 0.6454
vn 0.1581 -0.6511 0.7424
vn -0.1581 -0.6511 0.7424
vn -0.5128 -0.5660 0.6454
vn -0.9124 -0.2698 0.3077
vn -0.9124 0.2698 -0.3077
vn -0.5128 0.5660 -0.6454
vn -0.1581 0.6511 -0.7424
vn 0.1581 0.7424 -0.6511
vn 0.5128 0.6454 -0.5660
vn 0.9124 0.3077 -0.2698
vn 0.9124 -0.3077 0.2698
vn 0.5128 -0.6454 0.5660
vn 0.1581 -0.7424 0.6511
vn -0.1581 -0.7424 0.6511
vn -0.5128 -0.6454 0.5660
vn -0.9124 -0.3077 0.2698
vn -0.9124 0.3077 -0.2698
vn -0.5128 0.6454 -0.5660
vn -0.1581 0.7424 -0.6511
vn 0.1581 0.8210 -0.5486
vn 0.5128 0.7138 -0.4769
vn 0.9124 0.3403 -0.2274
vn 0.9124 -0.3403 0.2274
vn 0.5128 -0.7138 0.4769
vn 0.1581 -0.8210 0.5486
vn -0.1581 -0.8210 0.5486
vn -0.5128 -0.7138 0.4769
vn -0.9124 -0.3403 0.2274
vn -0.9124 0.3403 -0.2274
vn -0.5128 0.7138 -0.4769
vn -0.1581 0.8210 -0.5486
vn 0.1581 0.8856 -0.4367
vn 0.5128 0.7699 -0.3797
vn 0.9124 0.3670 -0.1810
vn 0.9124 -0.3670 0.1810
vn 0.5128 -0.7699 0.3797
vn 0.1581 -0.8856 0.4367
vn -0.1581 -0.8856 0.4367
vn -0.5128 -0.7699 0.3797
vn -0.9124 -0.3670 0.1810
vn -0.9124 0.3670 -0.1810
vn -0.5128 0.7699 -0.3797
vn -0.1581 0.8856 -0.4367
vn 0.1581 0.9350 -0.3174
vn 0.5128 0.8129 -0.2759
vn 0.9124 0.3875 -0.1316
vn 0.9124 -0.3875 0.1315
vn 0.5128 -0.8129 0.2759
vn 0.1581 -0.9350 0.3174
vn -0.1581 -0.9350 0.3174
vn -0.5128 -0.8129 0.2759
vn -0.9124 -0.3875 0.1315
vn -0.9124 0.3875 -0.1315
vn -0.5128 0.8129 -0.2759
vn -0.1581 0.9350 -0.3174
vn 0.1581 0.9685 -0.1926
vn 0.5128 0.8420 -0.1675
vn 0.9124 0.4014 -0.0798
vn 0.9124 -0.4014 0.0798
vn 0.5128 -0.8420 0.1675
vn 0.1581 -0.9685 0.1926
vn -0.1581 -0.9685 0.1926
vn -0.5128 -0.8420 0.1675
vn -0.9124 -0.4014 0.0798
vn -0.9124 0.4014 -0.0798
vn -0.5128 0.8420 -0.1675
vn -0.1581 0.9685 -0.1926
vn 0.1581 0.9853 -0.0646
vn 0.5128 0.8566 -0.0561
vn 0.9124 0.4084 -0.0268
vn 0.9124 -0.4084 0.0268
vn 0.5128 -0.8566 0.0561
vn 0.1581 -0.9853 0.0646
vn -0.1581 -0.9853 0.0646
vn -0.5128 -0.8566 0.0561
vn -0.9124 -0.4084 0.0268
vn -0.9124 0.4084 -0.0268
vn -0.5128 0.8566 -0.0561
vn -0.1581 0.9853 -0.0646
vn 0.1581 0.9853 0.0646
vn 0.5128 0.8566 0.0561
vn 0.9124 0.4084 0.0268
vn 0.9124 -0.4084 -0.0268
vn 0.5128 -0.8566 -0.0561
vn 0.1581 -0.9853 -0.0646
vn -0.1581 -0.9853 -0.0646
vn -0.5128 -0.8566 -0.0561
vn -0.9124 -0.4084 -0.0268
vn -0.9124 0.4084 0.0268
vn -0.5128 0.8566 0.0561
vn -0.1581 0.9853 0.0646
vn 0.1581 0.9685 0.1926
vn 0.5128 0.8420 0.1675
vn 0.9124 0.4014 0.0798
vn 0.9124 -0.4014 -0.0798
vn 0.5128 -0.8420 -0.1675
vn 0.1581 -0.9685 -0.1926
vn -0.1581 -0.9685 -0.1926
vn -0.5128 -0.8420 -0.1675
vn -0.9124 -0.4014 -0.0798
vn -0.9124 0.4014 0.0798
vn -0.5128 0.8420 0.1675
vn -0.1581 0.9685 0.1926
vn 0.1581 0.9350 0.3174
vn 0.5128 0.8129 0.2759
vn 0.9124 0.3875 0.1315
vn 0.9124 -0.3875 -0.1315
vn 0.5128 -0.8129 -0.2759
vn 0.1581 -0.9350 -0.3174
vn -0.1581 -0.9350 -0.3174
vn -0.5128 -0.8129 -0.2759
vn -0.9124 -0.3875 -0.1315
vn -0.9124 0.3875 0.1315
vn -0.5128 0.8129 0.2759
vn -0.1581 0.9350 0.3174
vn 0.1581 0.8856 0.4367
vn 0.5128 0.7699 0.3797
vn 0.9124 0.3670 0.1810
vn 0.9124 -0.3670 -0.1810
vn 0.5128 -0.7699 -0.3797
vn 0.1581 -0.8856 -0.4367
vn -0.1581 -0.8856 -0.4367
vn -0.5128 -0.7699 -0.3797
vn -0.9124 -0.3670 -0.1810
vn -0.9124 0.3670 0.1810
vn -0.5128 0.7699 0.3797
vn -0.1581 0.8856 0.4367
vn 0.1581 0.8210 0.5486
vn 0.5128 0.7138 0.4769
vn 0.9124 0.3403 0.2274
vn 0.9124 -0.3403 -0.2274
vn 0.5128 -0.7138 -0.4769
vn 0.1581 -0.8210 -0.5486
vn -0.1581 -0.8210 -0.5486
vn -0.5128 -0.7138 -0.4769
vn -0.9124 -0.3403 -0.2274
vn -0.9124 0.3403 0.2274
vn -0.5128 0.7138 0.4769
vn -0.1581 0.8210 0.5486
vn 0.1581 0.7424 0.6511
vn 0.5128 0.6454 0.5660
vn 0.9124 0.3077 0.2698
vn 0.9124 -0.3077 -0.2698
vn 0.5128 -0.6454 -0.5660
vn 0.1581 -0.7424 -0.6511
vn -0.1581 -0.7424 -0.6511
vn -0.5128 -0.6454 -0.5660
vn -0.9124 -0.3077 -0.2698
vn -0.9124 0.3077 0.2698
vn -0.5128 0.6454 0.5660
vn -0.1581 0.7424 0.6511
vn 0.1581 0.6511 0.7424
vn 0.5128 0.5660 0.6454
vn 0.9124 0.2698 0.3077
vn 0.9124 -0.2698 -0.3077
vn 0.5128 -0.5660 -0.6454
vn 0.1581 -0.6511 -0.7424
vn -0.1581 -0.6511 -0.7424
vn -0.5128 -0.5660 -0.6454
vn -0.9124 -0.2698 -0.3077
vn -0.9124 0.2698 0.3077
vn -0.5128 0.5660 0.6454
vn -0.1581 0.6511 0.7424
vn 0.1581 0.5486 0.8210
vn 0.5128 0.4769 0.7138
vn 0.9124 0.2274 0.3403
vn 0.9124 -0.2274 -0.3403
vn 0.5128 -0.4769 -0.7138
vn 0.1581 -0.5486 -0.8210
vn -0.1581 -0.5486 -0.8210
vn -0.5128 -0.4769 -0.7138
vn -0.9124 -0.2274 -0.3403
vn -0.9124 0.2274 0.3403
vn -0.5128 0.4769 0.7138
vn -0.1581 0.5486 0.8210
vn 0.1581 0.4367 0.8856
vn 0.5128 0.3797 0.7699
vn 0.9124 0.1810 0.3670
vn 0.9124 -0.1810 -0.3670
vn 0.5128 -0.3797 -0.7699
vn 0.1581 -0.4367 -0.8856
vn -0.1581 -0.4367 -0.8856
vn -0.5128 -0.3797 -0.7699
vn -0.9124 -0.1810 -0.3670
vn -0.9124 0.1810 0.3670
vn -0.5128 0.3797 0.7699
vn -0.1581 0.4367 0.8856
vn 0.1581 0.3174 0.9350
vn 0.5128 0.2759 0.8129
vn 0.9124 0.1315 0.3875
vn 0.9124 -0.1315 -0.3875
vn 0.5128 -0.2759 -0.8129
vn 0.1581 -0.3174 -0.9350
vn -0.1581 -0.3174 -0.9350
vn -0.5128 -0.2759 -0.8129
vn -0.9124 -0.1315 -0.3875
vn -0.9124 0.1315 0.3875
vn -0.5128 0.2759 0.8129
vn -0.1581 0.3174 0.9350
vn 0.1581 0.1926 0.9685
vn 0.5128 0.1675 0.8420
vn 0.9124 0.0798 0.4014
vn 0.9124 -0.0798 -0.4014
vn 0.5128 -0.1675 -0.8420
vn 0.1581 -0.1926 -0.9685
vn -0.1581 -0.1926 -0.9685
vn -0.5128 -0.1675 -0.8420
vn -0.9124 -0.0798 -0.4014
vn -0.9124 0.0798 0.4014
vn -0.5128 0.1675 0.8420
vn -0.1581 0.1926 0.9685
vn 0.1581 0.0646 0.9853
vn 0.5128 0.0561 0.8566
vn 0.9124 0.0268 0.4084
vn 0.9124 -0.0268 -0.4084
vn 0.5128 -0.0561 -0.8566
vn 0.1581 -0.0646 -0.9853
vn -0.1581 -0.0646 -0.9853
vn -0.5128 -0.0561 -0.8566
vn -0.9124 -0.0268 -0.4084
vn -0.9124 0.0268 0.4084
vn -0.5128 0.0561 0.8566
vn -0.1581 0.0646 0.9853
vn -0.5128 0.2759 -0.8129
vn 0.9124 0.3875 -0.1315
vn 0.5128 -0.2760 -0.8129
vn 0.9124 -0.1316 -0.3875
vn -0.9124 -0.1316 -0.3875
vn -0.5128 -0.2760 -0.8129
vn 0.9124 0.1316 -0.3875
vn -0.9124 0.1316 -0.3875
vt 0.520833 0.500000
vt 0.500000 0.583333
vt 0.500000 0.500000
vt 0.520833 0.583333
vt 0.500000 0.666667
vt 0.520833 0.666667
vt 0.500000 0.750000
vt 0.520833 0.750000
vt 0.500000 0.833333
vt 0.520833 0.833333
vt 0.500000 0.916667
vt 0.520833 0.916667
vt 0.500000 1.000000
vt 0.500000 0.000000
vt 0.520833 0.083333
vt 0.500000 0.083333
vt 0.520833 0.166667
vt 0.500000 0.166667
vt 0.500000 0.250000
vt 0.520833 0.333333
vt 0.500000 0.333333
vt 0.520833 0.416667
vt 0.500000 0.416667
vt 0.541667 0.500000
vt 0.541667 0.583333
vt 0.541667 0.750000
vt 0.541667 0.833333
vt 0.541667 0.916667
vt 0.520833 1.000000
vt 0.541667 0.000000
vt 0.520833 0.000000
vt 0.541667 0.083333
vt 0.541667 0.250000
vt 0.520833 0.250000
vt 0.541667 0.333333
vt 0.562500 0.583333
vt 0.541667 0.666667
vt 0.562500 0.750000
vt 0.562500 0.833333
vt 0.562500 0.916667
vt 0.541667 1.000000
vt 0.562500 0.000000
vt 0.562500 0.083333
vt 0.541667 0.166667
vt 0.562500 0.166667
vt 0.562500 0.250000
vt 0.562500 0.333333
vt 0.541667 0.416667
vt 0.562500 0.416667
vt 0.583333 0.500000
vt 0.562500 0.500000
vt 0.583333 0.583333
vt 0.562500 0.666667
vt 0.583333 0.750000
vt 0.583333 0.833333
vt 0.583333 0.916667
vt 0.562500 1.000000
vt 0.583333 0.000000
vt 0.583333 0.083333
vt 0.583333 0.250000
vt 0.583333 0.333333
vt 0.583333 0.416667
vt 0.604167 0.500000
vt 0.604167 0.666667
vt 0.583333 0.666667
vt 0.604167 0.750000
vt 0.604167 0.833333
vt 0.604167 0.916667
vt 0.583333 1.000000
vt 0.604167 0.000000
vt 0.604167 0.166667
vt 0.583333 0.166667
vt 0.604167 0.250000
vt 0.604167 0.333333
vt 0.604167 0.416667
vt 0.625000 0.500000
vt 0.604167 0.583333
vt 0.625000 0.583333
vt 0.625000 0.666667
vt 0.625000 0.750000
vt 0.625000 0.916667
vt 0.604167 1.000000
vt 0.625000 0.000000
vt 0.604167 0.083333
vt 0.625000 0.083333
vt 0.625000 0.166667
vt 0.625000 0.250000
vt 0.625000 0.416667
vt 0.645833 0.583333
vt 0.645833 0.666667
vt 0.645833 0.750000
vt 0.625000 0.833333
vt 0.645833 0.916667
vt 0.625000 1.000000
vt 0.645833 0.083333
vt 0.645833 0.250000
vt 0.625000 0.333333
vt 0.645833 0.333333
vt 0.645833 0.416667
vt 0.666667 0.500000
vt 0.645833 0.500000
vt 0.666667 0.666667
vt 0.666667 0.750000
vt 0.645833 0.833333
vt 0.666667 0.916667
vt 0.645833 1.000000
vt 0.666667 0.000000
vt 0.645833 0.000000
vt 0.666667 0.083333
vt 0.645833 0.166667
vt 0.666667 0.166667
vt 0.666667 0.250000
vt 0.666667 0.333333
vt 0.666667 0.416667
vt 0.687500 0.500000
vt 0.666667 0.583333
vt 0.687500 0.583333
vt 0.687500 0.666667
vt 0.687500 0.750000
vt 0.666667 0.833333
vt 0.687500 0.833333
vt 0.687500 0.916667
vt 0.666667 1.000000
vt 0.687500 0.000000
vt 0.687500 0.083333
vt 0.687500 0.250000
vt 0.687500 0.333333
vt 0.687500 0.416667
vt 0.708333 0.500000
vt 0.708333 0.583333
vt 0.708333 0.666667
vt 0.708333 0.750000
vt 0.708333 0.833333
vt 0.708333 0.916667
vt 0.687500 1.000000
vt 0.708333 0.083333
vt 0.687500 0.166667
vt 0.708333 0.166667
vt 0.708333 0.333333
vt 0.708333 0.416667
vt 0.729167 0.583333
vt 0.729167 0.666667
vt 0.729167 0.750000
vt 0.729167 0.916667
vt 0.708333 1.000000
vt 0.729167 0.000000
vt 0.708333 0.000000
vt 0.729167 0.083333
vt 0.729167 0.166667
vt 0.708333 0.250000
vt 0.729167 0.333333
vt 0.729167 0.416667
vt 0.729167 0.500000
vt 0.750000 0.583333
vt 0.750000 0.750000
vt 0.729167 0.833333
vt 0.750000 0.833333
vt 0.750000 0.916667
vt 0.729167 1.000000
vt 0.750000 0.000000
vt 0.750000 0.083333
vt 0.750000 0.250000
vt 0.729167 0.250000
vt 0.750000 0.333333
vt 0.750000 0.416667
vt 0.770833 0.500000
vt 0.750000 0.500000
vt 0.770833 0.583333
vt 0.750000 0.666667
vt 0.770833 0.666667
vt 0.770833 0.750000
vt 0.770833 0.916667
vt 0.770833 1.000000
vt 0.750000 1.000000
vt 0.770833 0.083333
vt 0.750000 0.166667
vt 0.770833 0.250000
vt 0.770833 0.416667
vt 0.791667 0.583333
vt 0.791667 0.666667
vt 0.791667 0.833333
vt 0.770833 0.833333
vt 0.791667 0.916667
vt 0.791667 0.000000
vt 0.770833 0.000000
vt 0.791667 0.083333
vt 0.770833 0.166667
vt 0.791667 0.166667
vt 0.791667 0.250000
vt 0.770833 0.333333
vt 0.791667 0.333333
vt 0.791667 0.416667
vt 0.791667 0.500000
vt 0.812500 0.583333
vt 0.812500 0.666667
vt 0.791667 0.750000
vt 0.812500 0.833333
vt 0.812500 0.916667
vt 0.791667 1.000000
vt 0.812500 0.000000
vt 0.812500 0.083333
vt 0.812500 0.166667
vt 0.812500 0.250000
vt 0.812500 0.416667
vt 0.833333 0.500000
vt 0.812500 0.500000
vt 0.833333 0.583333
vt 0.833333 0.750000
vt 0.812500 0.750000
vt 0.833333 0.833333
vt 0.833333 0.916667
vt 0.812500 1.000000
vt 0.833333 0.000000
vt 0.833333 0.083333
vt 0.833333 0.166667
vt 0.833333 0.250000
vt 0.812500 0.333333
vt 0.833333 0.416667
vt 0.854167 0.500000
vt 0.854167 0.583333
vt 0.833333 0.666667
vt 0.854167 0.666667
vt 0.854167 0.750000
vt 0.854167 0.916667
vt 0.833333 1.000000
vt 0.854167 0.083333
vt 0.854167 0.250000
vt 0.854167 0.333333
vt 0.833333 0.333333
vt 0.854167 0.416667
vt 0.875000 0.500000
vt 0.875000 0.583333
vt 0.875000 0.750000
vt 0.854167 0.833333
vt 0.875000 0.916667
vt 0.854167 1.000000
vt 0.854167 0.000000
vt 0.875000 0.083333
vt 0.854167 0.166667
vt 0.875000 0.166667
vt 0.875000 0.250000
vt 0.875000 0.333333
vt 0.895833 0.583333
vt 0.875000 0.666667
vt 0.895833 0.750000
vt 0.875000 0.833333
vt 0.895833 0.833333
vt 0.895833 0.916667
vt 0.875000 1.000000
vt 0.895833 0.000000
vt 0.875000 0.000000
vt 0.895833 0.083333
vt 0.895833 0.250000
vt 0.895833 0.416667
vt 0.875000 0.416667
vt 0.916667 0.500000
vt 0.895833 0.500000
vt 0.916667 0.583333
vt 0.895833 0.666667
vt 0.916667 0.750000
vt 0.916667 0.833333
vt 0.916667 0.916667
vt 0.895833 1.000000
vt 0.916667 0.000000
vt 0.916667 0.083333
vt 0.895833 0.166667
vt 0.916667 0.166667
vt 0.916667 0.250000
vt 0.895833 0.333333
vt 0.916667 0.416667
vt 0.937500 0.500000
vt 0.937500 0.583333
vt 0.916667 0.666667
vt 0.937500 0.750000
vt 0.937500 0.833333
vt 0.937500 1.000000
vt 0.916667 1.000000
vt 0.937500 0.000000
vt 0.937500 0.083333
vt 0.937500 0.250000
vt 0.916667 0.333333
vt 0.937500 0.416667
vt 0.958333 0.500000
vt 0.958333 0.666667
vt 0.937500 0.666667
vt 0.958333 0.750000
vt 0.958333 0.833333
vt 0.958333 0.916667
vt 0.937500 0.916667
vt 0.958333 0.000000
vt 0.958333 0.083333
vt 0.937500 0.166667
vt 0.958333 0.166667
vt 0.958333 0.250000
vt 0.937500 0.333333
vt 0.958333 0.333333
vt 0.979167 0.500000
vt 0.958333 0.583333
vt 0.979167 0.583333
vt 0.979167 0.666667
vt 0.979167 0.833333
vt 0.979167 0.916667
vt 0.958333 1.000000
vt 0.979167 0.083333
vt 0.979167 0.166667
vt 0.979167 0.333333
vt 0.958333 0.416667
vt 1.000000 0.583333
vt 1.000000 0.666667
vt 0.979167 0.750000
vt 1.000000 0.750000
vt 1.000000 0.833333
vt 1.000000 1.000000
vt 0.979167 1.000000
vt 1.000000 0.000000
vt 0.979167 0.000000
vt 1.000000 0.083333
vt 1.000000 0.250000
vt 0.979167 0.250000
vt 1.000000 0.333333
vt 0.979167 0.416667
vt 1.000000 0.416667
vt 0.000000 0.500000
vt 0.020833 0.583333
vt 0.000000 0.583333
vt 0.020833 0.666667
vt 0.000000 0.666667
vt 0.020833 0.750000
vt 0.000000 0.750000
vt 0.000000 0.833333
vt 0.020833 0.916667
vt 0.000000 0.916667
vt 0.000000 1.000000
vt 0.020833 0.000000
vt 0.000000 0.083333
vt 0.000000 0.000000
vt 0.020833 0.083333
vt 0.000000 0.166667
vt 0.020833 0.166667
vt 0.000000 0.250000
vt 0.020833 0.333333
vt 0.000000 0.333333
vt 0.000000 0.416667
vt 0.020833 0.416667
vt 0.020833 0.500000
vt 0.041667 0.583333
vt 0.041667 0.666667
vt 0.041667 0.833333
vt 0.020833 0.833333
vt 0.041667 0.916667
vt 0.020833 1.000000
vt 0.041667 0.083333
vt 0.041667 0.166667
vt 0.020833 0.250000
vt 0.041667 0.333333
vt 0.041667 0.416667
vt 0.062500 0.500000
vt 0.041667 0.500000
vt 0.062500 0.666667
vt 0.041667 0.750000
vt 0.062500 0.833333
vt 0.062500 0.916667
vt 0.041667 1.000000
vt 0.062500 0.000000
vt 0.041667 0.000000
vt 0.062500 0.083333
vt 0.062500 0.166667
vt 0.041667 0.250000
vt 0.062500 0.250000
vt 0.062500 0.333333
vt 0.083333 0.500000
vt 0.062500 0.583333
vt 0.083333 0.583333
vt 0.083333 0.666667
vt 0.062500 0.750000
vt 0.083333 0.750000
vt 0.083333 0.833333
vt 0.083333 0.916667
vt 0.062500 1.000000
vt 0.083333 0.000000
vt 0.083333 0.083333
vt 0.083333 0.250000
vt 0.083333 0.333333
vt 0.083333 0.416667
vt 0.062500 0.416667
vt 0.104167 0.583333
vt 0.104167 0.666667
vt 0.104167 0.833333
vt 0.104167 1.000000
vt 0.083333 1.000000
vt 0.104167 0.000000
vt 0.104167 0.083333
vt 0.083333 0.166667
vt 0.104167 0.166667
vt 0.104167 0.333333
vt 0.104167 0.416667
vt 0.125000 0.500000
vt 0.104167 0.500000
vt 0.125000 0.583333
vt 0.125000 0.666667
vt 0.104167 0.750000
vt 0.125000 0.833333
vt 0.104167 0.916667
vt 0.125000 1.000000
vt 0.125000 0.083333
vt 0.125000 0.166667
vt 0.104167 0.250000
vt 0.125000 0.250000
vt 0.125000 0.416667
vt 0.145833 0.583333
vt 0.145833 0.750000
vt 0.125000 0.750000
vt 0.145833 0.833333
vt 0.125000 0.916667
vt 0.145833 0.916667
vt 0.125000 0.000000
vt 0.145833 0.083333
vt 0.145833 0.166667
vt 0.145833 0.250000
vt 0.125000 0.333333
vt 0.145833 0.416667
vt 0.166667 0.500000
vt 0.145833 0.500000
vt 0.166667 0.583333
vt 0.145833 0.666667
vt 0.166667 0.750000
vt 0.166667 0.916667
vt 0.145833 1.000000
vt 0.166667 0.000000
vt 0.145833 0.000000
vt 0.166667 0.083333
vt 0.166667 0.166667
vt 0.166667 0.250000
vt 0.145833 0.333333
vt 0.166667 0.333333
vt 0.187500 0.500000
vt 0.187500 0.583333
vt 0.166667 0.666667
vt 0.187500 0.750000
vt 0.187500 0.833333
vt 0.166667 0.833333
vt 0.187500 0.916667
vt 0.166667 1.000000
vt 0.187500 0.083333
vt 0.187500 0.166667
vt 0.187500 0.250000
vt 0.187500 0.333333
vt 0.166667 0.416667
vt 0.208333 0.500000
vt 0.208333 0.583333
vt 0.187500 0.666667
vt 0.208333 0.666667
vt 0.208333 0.750000
vt 0.208333 0.833333
vt 0.208333 0.916667
vt 0.187500 1.000000
vt 0.208333 0.000000
vt 0.187500 0.000000
vt 0.208333 0.166667
vt 0.208333 0.250000
vt 0.208333 0.333333
vt 0.187500 0.416667
vt 0.229167 0.500000
vt 0.229167 0.666667
vt 0.229167 0.750000
vt 0.229167 0.833333
vt 0.229167 0.916667
vt 0.208333 1.000000
vt 0.229167 0.083333
vt 0.208333 0.083333
vt 0.229167 0.166667
vt 0.229167 0.250000
vt 0.229167 0.333333
vt 0.208333 0.416667
vt 0.229167 0.416667
vt 0.250000 0.500000
vt 0.229167 0.583333
vt 0.250000 0.583333
vt 0.250000 0.666667
vt 0.250000 0.750000
vt 0.250000 0.833333
vt 0.250000 0.916667
vt 0.229167 1.000000
vt 0.250000 0.000000
vt 0.229167 0.000000
vt 0.250000 0.083333
vt 0.250000 0.166667
vt 0.250000 0.250000
vt 0.250000 0.416667
vt 0.270833 0.500000
vt 0.270833 0.583333
vt 0.270833 0.666667
vt 0.270833 0.750000
vt 0.270833 0.916667
vt 0.250000 1.000000
vt 0.270833 0.083333
vt 0.270833 0.166667
vt 0.270833 0.250000
vt 0.270833 0.333333
vt 0.250000 0.333333
vt 0.270833 0.416667
vt 0.291667 0.500000
vt 0.291667 0.666667
vt 0.291667 0.750000
vt 0.270833 0.833333
vt 0.291667 0.833333
vt 0.291667 0.916667
vt 0.270833 1.000000
vt 0.291667 0.000000
vt 0.270833 0.000000
vt 0.291667 0.166667
vt 0.291667 0.250000
vt 0.291667 0.333333
vt 0.291667 0.416667
vt 0.312500 0.500000
vt 0.291667 0.583333
vt 0.312500 0.583333
vt 0.312500 0.750000
vt 0.312500 0.833333
vt 0.312500 1.000000
vt 0.291667 1.000000
vt 0.312500 0.000000
vt 0.291667 0.083333
vt 0.312500 0.083333
vt 0.312500 0.166667
vt 0.312500 0.250000
vt 0.312500 0.416667
vt 0.333333 0.583333
vt 0.333333 0.666667
vt 0.312500 0.666667
vt 0.333333 0.750000
vt 0.333333 0.916667
vt 0.312500 0.916667
vt 0.333333 0.000000
vt 0.333333 0.083333
vt 0.333333 0.250000
vt 0.333333 0.333333
vt 0.312500 0.333333
vt 0.333333 0.416667
vt 0.333333 0.500000
vt 0.354167 0.583333
vt 0.354167 0.666667
vt 0.354167 0.750000
vt 0.333333 0.833333
vt 0.354167 0.833333
vt 0.354167 0.916667
vt 0.333333 1.000000
vt 0.354167 0.000000
vt 0.354167 0.083333
vt 0.333333 0.166667
vt 0.354167 0.166667
vt 0.354167 0.250000
vt 0.354167 0.333333
vt 0.354167 0.416667
vt 0.375000 0.500000
vt 0.354167 0.500000
vt 0.375000 0.583333
vt 0.375000 0.750000
vt 0.375000 0.833333
vt 0.375000 0.916667
vt 0.354167 1.000000
vt 0.375000 0.083333
vt 0.375000 0.166667
vt 0.375000 0.250000
vt 0.375000 0.333333
vt 0.375000 0.416667
vt 0.395833 0.583333
vt 0.375000 0.666667
vt 0.395833 0.666667
vt 0.395833 0.833333
vt 0.395833 0.916667
vt 0.375000 1.000000
vt 0.395833 0.000000
vt 0.375000 0.000000
vt 0.395833 0.166667
vt 0.395833 0.333333
vt 0.395833 0.416667
vt 0.416667 0.500000
vt 0.395833 0.500000
vt 0.416667 0.666667
vt 0.395833 0.750000
vt 0.416667 0.750000
vt 0.416667 0.833333
vt 0.416667 1.000000
vt 0.395833 1.000000
vt 0.416667 0.000000
vt 0.395833 0.083333
vt 0.416667 0.166667
vt 0.395833 0.250000
vt 0.416667 0.250000
vt 0.416667 0.333333
vt 0.437500 0.500000
vt 0.416667 0.583333
vt 0.437500 0.666667
vt 0.437500 0.833333
vt 0.437500 0.916667
vt 0.416667 0.916667
vt 0.437500 0.000000
vt 0.416667 0.083333
vt 0.437500 0.166667
vt 0.437500 0.333333
vt 0.416667 0.416667
vt 0.437500 0.416667
vt 0.458333 0.500000
vt 0.437500 0.583333
vt 0.458333 0.666667
vt 0.437500 0.750000
vt 0.458333 0.750000
vt 0.458333 0.833333
vt 0.458333 0.916667
vt 0.437500 1.000000
vt 0.458333 0.000000
vt 0.437500 0.083333
vt 0.458333 0.166667
vt 0.437500 0.250000
vt 0.458333 0.333333
vt 0.479167 0.500000
vt 0.458333 0.583333
vt 0.479167 0.583333
vt 0.479167 0.750000
vt 0.479167 0.833333
vt 0.479167 0.916667
vt 0.458333 1.000000
vt 0.479167 0.000000
vt 0.458333 0.083333
vt 0.479167 0.083333
vt 0.479167 0.166667
vt 0.458333 0.250000
vt 0.479167 0.250000
vt 0.479167 0.416667
vt 0.458333 0.416667
vt 0.479167 0.666667
vt 0.479167 1.000000
vt 0.479167 0.333333
vt 1.000000 0.500000
vt 1.000000 0.916667
vt 1.000000 0.166667
s 0
f 13/1/1 2/2/1 1/3/1
f 14/4/2 3/5/2 2/2/2
f 15/6/3 4/7/3 3/5/3
f 16/8/4 5/9/4 4/7/4
f 17/10/5 6/11/5 5/9/5
f 18/12/6 7/13/6 6/11/6
f 7/14/7 20/15/7 8/16/7
f 8/16/8 21/17/8 9/18/8
f 21/17/9 10/19/9 9/18/9
f 10/19/10 23/20/10 11/21/10
f 11/21/11 24/22/11 12/23/11
f 24/22/12 1/3/12 12/23/12
f 25/24/13 14/4/13 13/1/13
f 26/25/14 15/6/14 14/4/14
f 15/6/15 28/26/15 16/8/15
f 28/26/16 17/10/16 16/8/16
f 29/27/17 18/12/17 17/10/17
f 30/28/18 19/29/18 18/12/18
f 31/30/19 20/15/19 19/31/19
f 32/32/20 21/17/20 20/15/20
f 21/17/21 34/33/21 22/34/21
f 34/33/22 23/20/22 22/34/22
f 35/35/23 24/22/23 23/20/23
f 24/22/24 25/24/24 13/1/24
f 25/24/25 38/36/25 26/25/25
f 38/36/26 27/37/26 26/25/26
f 27/37/27 40/38/27 28/26/27
f 28/26/28 41/39/28 29/27/28
f 29/27/29 42/40/29 30/28/29
f 42/40/30 31/41/30 30/28/30
f 43/42/31 32/32/31 31/30/31
f 44/43/32 33/44/32 32/32/32
f 45/45/33 34/33/33 33/44/33
f 46/46/34 35/35/34 34/33/34
f 47/47/35 36/48/35 35/35/35
f 48/49/36 25/24/36 36/48/36
f 49/50/37 38/36/37 37/51/37
f 50/52/38 39/53/38 38/36/38
f 39/53/39 52/54/39 40/38/39
f 52/54/40 41/39/40 40/38/40
f 53/55/41 42/40/41 41/39/41
f 54/56/42 43/57/42 42/40/42
f 55/58/43 44/43/43 43/42/43
f 56/59/44 45/45/44 44/43/44
f 45/45/45 58/60/45 46/46/45
f 58/60/46 47/47/46 46/46/46
f 59/61/47 48/49/47 47/47/47
f 60/62/48 37/51/48 48/49/48
f 61/63/49 50/52/49 49/50/49
f 50/52/50 63/64/50 51/65/50
f 51/65/51 64/66/51 52/54/51
f 64/66/52 53/55/52 52/54/52
f 65/67/53 54/56/53 53/55/53
f 66/68/54 55/69/54 54/56/54
f 67/70/55 56/59/55 55/58/55
f 56/59/56 69/71/56 57/72/56
f 57/72/57 70/73/57 58/60/57
f 70/73/58 59/61/58 58/60/58
f 71/74/59 60/62/59 59/61/59
f 72/75/60 49/50/60 60/62/60
f 73/76/61 62/77/61 61/63/61
f 74/78/62 63/64/62 62/77/62
f 75/79/63 64/66/63 63/64/63
f 76/80/64 65/67/64 64/66/64
f 65/67/65 78/81/65 66/68/65
f 78/81/66 67/82/66 66/68/66
f 79/83/67 68/84/67 67/70/67
f 80/85/68 69/71/68 68/84/68
f 81/86/69 70/73/69 69/71/69
f 82/87/70 71/74/70 70/73/70
f 71/74/71 84/88/71 72/75/71
f 84/88/72 61/63/72 72/75/72
f 73/76/73 86/89/73 74/78/73
f 86/89/74 75/79/74 74/78/74
f 87/90/75 76/80/75 75/79/75
f 88/91/76 77/92/76 76/80/76
f 77/92/77 90/93/77 78/81/77
f 90/93/78 79/94/78 78/81/78
f 79/83/79 92/95/79 80/85/79
f 92/95/80 81/86/80 80/85/80
f 81/86/81 94/96/81 82/87/81
f 94/96/82 83/97/82 82/87/82
f 95/98/83 84/88/83 83/97/83
f 96/99/84 73/76/84 84/88/84
f 97/100/85 86/89/85 85/101/85
f 86/89/86 99/102/86 87/90/86
f 87/90/87 100/103/87 88/91/87
f 100/103/88 89/104/88 88/91/88
f 89/104/89 102/105/89 90/93/89
f 102/105/90 91/106/90 90/93/90
f 103/107/91 92/95/91 91/108/91
f 104/109/92 93/110/92 92/95/92
f 105/111/93 94/96/93 93/110/93
f 106/112/94 95/98/94 94/96/94
f 107/113/95 96/99/95 95/98/95
f 108/114/96 85/101/96 96/99/96
f 109/115/97 98/116/97 97/100/97
f 110/117/98 99/102/98 98/116/98
f 111/118/99 100/103/99 99/102/99
f 112/119/100 101/120/100 100/103/100
f 113/121/101 102/105/101 101/120/101
f 114/122/102 103/123/102 102/105/102
f 115/124/103 104/109/103 103/107/103
f 116/125/104 105/111/104 104/109/104
f 105/111/105 118/126/105 106/112/105
f 118/126/106 107/113/106 106/112/106
f 119/127/107 108/114/107 107/113/107
f 120/128/108 97/100/108 108/114/108
f 121/129/109 110/117/109 109/115/109
f 122/130/110 111/118/110 110/117/110
f 123/131/111 112/119/111 111/118/111
f 124/132/112 113/121/112 112/119/112
f 125/133/113 114/122/113 113/121/113
f 126/134/114 115/135/114 114/122/114
f 115/124/115 128/136/115 116/125/115
f 128/136/116 117/137/116 116/125/116
f 129/138/117 118/126/117 117/137/117
f 118/126/118 131/139/118 119/127/118
f 119/127/119 132/140/119 120/128/119
f 120/128/120 121/129/120 109/115/120
f 121/129/121 134/141/121 122/130/121
f 134/141/122 123/131/122 122/130/122
f 135/142/123 124/132/123 123/131/123
f 136/143/124 125/133/124 124/132/124
f 125/133/125 138/144/125 126/134/125
f 138/144/126 127/145/126 126/134/126
f 139/146/127 128/136/127 127/147/127
f 140/148/128 129/138/128 128/136/128
f 141/149/129 130/150/129 129/138/129
f 130/150/130 143/151/130 131/139/130
f 143/151/131 132/140/131 131/139/131
f 144/152/132 121/129/132 132/140/132
f 133/153/133 146/154/133 134/141/133
f 146/154/134 135/142/134 134/141/134
f 135/142/135 148/155/135 136/143/135
f 148/155/136 137/156/136 136/143/136
f 149/157/137 138/144/137 137/156/137
f 150/158/138 139/159/138 138/144/138
f 151/160/139 140/148/139 139/146/139
f 152/161/140 141/149/140 140/148/140
f 141/149/141 154/162/141 142/163/141
f 154/162/142 143/151/142 142/163/142
f 155/164/143 144/152/143 143/151/143
f 156/165/144 133/153/144 144/152/144
f 157/166/145 146/154/145 145/167/145
f 158/168/146 147/169/146 146/154/146
f 159/170/147 148/155/147 147/169/147
f 160/171/148 149/157/148 148/155/148
f 149/157/149 162/172/149 150/158/149
f 150/158/150 163/173/150 151/174/150
f 151/160/151 164/175/151 152/161/151
f 164/175/152 153/176/152 152/161/152
f 153/176/153 166/177/153 154/162/153
f 166/177/154 155/164/154 154/162/154
f 155/164/155 168/178/155 156/165/155
f 168/178/156 145/167/156 156/165/156
f 157/166/157 170/179/157 158/168/157
f 170/179/158 159/170/158 158/168/158
f 171/180/159 160/171/159 159/170/159
f 160/171/160 173/181/160 161/182/160
f 173/181/161 162/172/161 161/182/161
f 174/183/162 163/173/162 162/172/162
f 175/184/163 164/175/163 163/185/163
f 176/186/164 165/187/164 164/175/164
f 177/188/165 166/177/165 165/187/165
f 178/189/166 167/190/166 166/177/166
f 179/191/167 168/178/167 167/190/167
f 180/192/168 157/166/168 168/178/168
f 169/193/169 182/194/169 170/179/169
f 182/194/170 171/180/170 170/179/170
f 183/195/171 172/196/171 171/180/171
f 172/196/172 185/197/172 173/181/172
f 185/197/173 174/183/173 173/181/173
f 186/198/174 175/199/174 174/183/174
f 187/200/175 176/186/175 175/184/175
f 188/201/176 177/188/176 176/186/176
f 189/202/177 178/189/177 177/188/177
f 190/203/178 179/191/178 178/189/178
f 179/191/179 192/204/179 180/192/179
f 192/204/180 169/193/180 180/192/180
f 193/205/181 182/194/181 181/206/181
f 194/207/182 183/195/182 182/194/182
f 183/195/183 196/208/183 184/209/183
f 196/208/184 185/197/184 184/209/184
f 197/210/185 186/198/185 185/197/185
f 198/211/186 187/212/186 186/198/186
f 199/213/187 188/201/187 187/200/187
f 200/214/188 189/202/188 188/201/188
f 201/215/189 190/203/189 189/202/189
f 202/216/190 191/217/190 190/203/190
f 191/217/191 204/218/191 192/204/191
f 204/218/192 181/206/192 192/204/192
f 205/219/193 194/207/193 193/205/193
f 206/220/194 195/221/194 194/207/194
f 207/222/195 196/208/195 195/221/195
f 208/223/196 197/210/196 196/208/196
f 197/210/197 210/224/197 198/211/197
f 210/224/198 199/225/198 198/211/198
f 199/213/199 212/226/199 200/214/199
f 212/226/200 201/215/200 200/214/200
f 201/215/201 214/227/201 202/216/201
f 202/216/202 215/228/202 203/229/202
f 203/229/203 216/230/203 204/218/203
f 216/230/204 193/205/204 204/218/204
f 217/231/205 206/220/205 205/219/205
f 218/232/206 207/222/206 206/220/206
f 207/222/207 220/233/207 208/223/207
f 220/233/208 209/234/208 208/223/208
f 209/234/209 222/235/209 210/224/209
f 222/235/210 211/236/210 210/224/210
f 211/237/211 224/238/211 212/226/211
f 224/238/212 213/239/212 212/226/212
f 225/240/213 214/227/213 213/239/213
f 226/241/214 215/228/214 214/227/214
f 227/242/215 216/230/215 215/228/215
f 216/230/216 217/231/216 205/219/216
f 217/231/217 230/243/217 218/232/217
f 230/243/218 219/244/218 218/232/218
f 219/244/219 232/245/219 220/233/219
f 232/245/220 221/246/220 220/233/220
f 233/247/221 222/235/221 221/246/221
f 234/248/222 223/249/222 222/235/222
f 235/250/223 224/238/223 223/251/223
f 236/252/224 225/240/224 224/238/224
f 225/240/225 238/253/225 226/241/225
f 238/253/226 227/242/226 226/241/226
f 227/242/227 240/254/227 228/255/227
f 240/254/228 217/231/228 228/255/228
f 241/256/229 230/243/229 229/257/229
f 242/258/230 231/259/230 230/243/230
f 231/259/231 244/260/231 232/245/231
f 244/260/232 233/247/232 232/245/232
f 245/261/233 234/248/233 233/247/233
f 246/262/234 235/263/234 234/248/234
f 247/264/235 236/252/235 235/250/235
f 248/265/236 237/266/236 236/252/236
f 249/267/237 238/253/237 237/266/237
f 250/268/238 239/269/238 238/253/238
f 239/269/239 252/270/239 240/254/239
f 240/254/240 241/256/240 229/257/240
f 253/271/241 242/258/241 241/256/241
f 254/272/242 243/273/242 242/258/242
f 243/273/243 256/274/243 244/260/243
f 256/274/244 245/261/244 244/260/244
f 257/275/245 246/262/245 245/261/245
f 246/262/246 259/276/246 247/277/246
f 259/278/247 248/265/247 247/264/247
f 260/279/248 249/267/248 248/265/248
f 249/267/249 262/280/249 250/268/249
f 262/280/250 251/281/250 250/268/250
f 251/281/251 264/282/251 252/270/251
f 252/270/252 253/271/252 241/256/252
f 265/283/253 254/272/253 253/271/253
f 254/272/254 267/284/254 255/285/254
f 255/285/255 268/286/255 256/274/255
f 256/274/256 269/287/256 257/275/256
f 257/275/257 270/288/257 258/289/257
f 270/288/258 259/276/258 258/289/258
f 271/290/259 260/279/259 259/278/259
f 272/291/260 261/292/260 260/279/260
f 273/293/261 262/280/261 261/292/261
f 274/294/262 263/295/262 262/280/262
f 275/296/263 264/282/263 263/295/263
f 264/282/264 265/283/264 253/271/264
f 277/297/265 266/298/265 265/283/265
f 278/299/266 267/284/266 266/298/266
f 279/300/267 268/286/267 267/284/267
f 268/286/268 281/301/268 269/287/268
f 269/287/269 282/302/269 270/288/269
f 282/302/270 271/303/270 270/288/270
f 271/290/271 284/304/271 272/291/271
f 284/304/272 273/293/272 272/291/272
f 285/305/273 274/294/273 273/293/273
f 274/294/274 287/306/274 275/296/274
f 287/306/275 276/307/275 275/296/275
f 276/307/276 277/297/276 265/283/276
f 277/297/277 290/308/277 278/299/277
f 290/308/278 279/300/278 278/299/278
f 291/309/279 280/310/279 279/300/279
f 292/311/280 281/301/280 280/310/280
f 293/312/281 282/302/281 281/301/281
f 282/302/282 295/313/282 283/314/282
f 295/315/283 284/304/283 283/316/283
f 296/317/284 285/305/284 284/304/284
f 285/305/285 298/318/285 286/319/285
f 298/318/286 287/306/286 286/319/286
f 299/320/287 288/321/287 287/306/287
f 300/322/288 277/297/288 288/321/288
f 289/323/6 302/324/6 290/325/6
f 290/325/5 303/326/5 291/327/5
f 291/327/4 304/328/4 292/329/4
f 304/328/3 293/330/3 292/329/3
f 293/330/2 306/331/2 294/332/2
f 306/331/1 295/333/1 294/332/1
f 307/334/12 296/335/12 295/336/12
f 308/337/11 297/338/11 296/335/11
f 309/339/10 298/340/10 297/338/10
f 298/340/9 311/341/9 299/342/9
f 311/341/8 300/343/8 299/342/8
f 312/344/7 289/323/7 300/343/7
f 301/345/18 314/346/18 302/324/18
f 314/346/17 303/326/17 302/324/17
f 315/347/16 304/328/16 303/326/16
f 304/328/15 317/348/15 305/349/15
f 305/349/14 318/350/14 306/331/14
f 318/350/13 307/351/13 306/331/13
f 307/334/24 320/352/24 308/337/24
f 320/352/23 309/339/23 308/337/23
f 321/353/22 310/354/22 309/339/22
f 310/354/21 323/355/21 311/341/21
f 323/355/20 312/344/20 311/341/20
f 324/356/19 301/345/19 312/344/19
f 325/357/30 314/346/30 313/358/30
f 314/346/29 327/359/29 315/347/29
f 327/359/28 316/360/28 315/347/28
f 316/360/27 329/361/27 317/348/27
f 329/361/26 318/350/26 317/348/26
f 330/362/25 319/363/25 318/350/25
f 331/364/36 320/352/36 319/365/36
f 332/366/289 321/353/289 320/352/289
f 333/367/34 322/368/34 321/353/34
f 334/369/33 323/355/33 322/368/33
f 335/370/32 324/356/32 323/355/32
f 324/356/31 325/357/31 313/358/31
f 337/371/42 326/372/42 325/357/42
f 338/373/41 327/359/41 326/372/41
f 339/374/40 328/375/40 327/359/40
f 340/376/39 329/361/39 328/375/39
f 341/377/38 330/362/38 329/361/38
f 342/378/37 331/379/37 330/362/37
f 343/380/48 332/366/48 331/364/48
f 344/381/47 333/367/47 332/366/47
f 333/367/46 346/382/46 334/369/46
f 334/369/45 347/383/45 335/370/45
f 335/370/44 348/384/44 336/385/44
f 348/384/43 325/357/43 336/385/43
f 337/371/54 350/386/54 338/373/54
f 350/386/53 339/374/53 338/373/53
f 351/387/52 340/376/52 339/374/52
f 340/376/51 353/388/51 341/377/51
f 353/388/50 342/378/50 341/377/50
f 342/378/49 355/389/49 343/390/49
f 355/391/60 344/381/60 343/380/60
f 356/392/59 345/393/59 344/381/59
f 357/394/58 346/382/58 345/393/58
f 346/382/57 359/395/57 347/383/57
f 347/383/56 360/396/56 348/384/56
f 360/396/55 337/371/55 348/384/55
f 361/397/66 350/386/66 349/398/66
f 362/399/65 351/387/65 350/386/65
f 363/400/64 352/401/64 351/387/64
f 352/401/63 365/402/63 353/388/63
f 365/402/62 354/403/62 353/388/62
f 354/403/61 367/404/61 355/389/61
f 355/391/72 368/405/72 356/392/72
f 368/405/71 357/394/71 356/392/71
f 369/406/70 358/407/70 357/394/70
f 370/408/69 359/395/69 358/407/69
f 359/395/68 372/409/68 360/396/68
f 360/396/67 361/397/67 349/398/67
f 361/397/78 374/410/78 362/399/78
f 374/410/77 363/400/77 362/399/77
f 363/400/76 376/411/76 364/412/76
f 376/411/75 365/402/75 364/412/75
f 377/413/74 366/414/74 365/402/74
f 378/415/73 367/404/73 366/414/73
f 367/416/84 380/417/84 368/405/84
f 380/417/83 369/406/83 368/405/83
f 381/418/82 370/408/82 369/406/82
f 382/419/81 371/420/81 370/408/81
f 371/420/80 384/421/80 372/409/80
f 384/421/79 361/397/79 372/409/79
f 385/422/90 374/410/90 373/423/90
f 386/424/89 375/425/89 374/410/89
f 375/425/88 388/426/88 376/411/88
f 388/426/87 377/413/87 376/411/87
f 377/413/86 390/427/86 378/415/86
f 390/427/85 379/428/85 378/415/85
f 391/429/96 380/417/96 379/430/96
f 392/431/95 381/418/95 380/417/95
f 393/432/94 382/419/94 381/418/94
f 394/433/93 383/434/93 382/419/93
f 395/435/92 384/421/92 383/434/92
f 384/421/91 385/422/91 373/423/91
f 397/436/102 386/424/102 385/422/102
f 398/437/101 387/438/101 386/424/101
f 387/438/100 400/439/100 388/426/100
f 388/426/99 401/440/99 389/441/99
f 389/441/98 402/442/98 390/427/98
f 402/442/97 391/443/97 390/427/97
f 391/429/108 404/444/108 392/431/108
f 404/444/107 393/432/107 392/431/107
f 405/445/106 394/433/106 393/432/106
f 406/446/105 395/435/105 394/433/105
f 407/447/104 396/448/104 395/435/104
f 396/448/103 397/436/103 385/422/103
f 409/449/114 398/437/114 397/436/114
f 410/450/113 399/451/113 398/437/113
f 411/452/112 400/439/112 399/451/112
f 412/453/290 401/440/290 400/439/290
f 413/454/110 402/442/110 401/440/110
f 414/455/109 403/456/109 402/442/109
f 415/457/120 404/444/120 403/458/120
f 404/444/119 417/459/119 405/445/119
f 405/445/118 418/460/118 406/446/118
f 418/460/117 407/447/117 406/446/117
f 419/461/116 408/462/116 407/447/116
f 408/462/115 409/449/115 397/436/115
f 421/463/126 410/450/126 409/449/126
f 410/450/125 423/464/125 411/452/125
f 411/452/124 424/465/124 412/453/124
f 424/465/123 413/454/123 412/453/123
f 425/466/122 414/455/122 413/454/122
f 426/467/121 415/468/121 414/455/121
f 415/457/132 428/469/132 416/470/132
f 428/469/131 417/459/131 416/470/131
f 429/471/130 418/460/130 417/459/130
f 430/472/129 419/461/129 418/460/129
f 431/473/128 420/474/128 419/461/128
f 432/475/127 409/449/127 420/474/127
f 433/476/138 422/477/138 421/463/138
f 434/478/137 423/464/137 422/477/137
f 435/479/136 424/465/136 423/464/136
f 436/480/135 425/466/135 424/465/135
f 437/481/134 426/467/134 425/466/134
f 438/482/133 427/483/133 426/467/133
f 439/484/144 428/469/144 427/485/144
f 440/486/143 429/471/143 428/469/143
f 441/487/142 430/472/142 429/471/142
f 442/488/141 431/473/141 430/472/141
f 431/473/140 444/489/140 432/475/140
f 444/489/139 421/463/139 432/475/139
f 445/490/150 434/478/150 433/476/150
f 446/491/149 435/479/149 434/478/149
f 447/492/148 436/480/148 435/479/148
f 448/493/147 437/481/147 436/480/147
f 437/481/146 450/494/146 438/482/146
f 450/494/145 439/495/145 438/482/145
f 439/484/156 452/496/156 440/486/156
f 440/486/155 453/497/155 441/487/155
f 441/487/154 454/498/154 442/488/154
f 442/488/153 455/499/153 443/500/153
f 443/500/152 456/501/152 444/489/152
f 456/501/151 433/476/151 444/489/151
f 457/502/162 446/491/162 445/490/162
f 446/491/161 459/503/161 447/492/161
f 459/503/160 448/493/160 447/492/160
f 460/504/159 449/505/159 448/493/159
f 461/506/158 450/494/158 449/505/158
f 462/507/157 451/508/157 450/494/157
f 463/509/168 452/496/168 451/510/168
f 452/496/167 465/511/167 453/497/167
f 453/497/166 466/512/166 454/498/166
f 466/512/165 455/499/165 454/498/165
f 467/513/164 456/501/164 455/499/164
f 468/514/163 445/490/163 456/501/163
f 469/515/174 458/516/174 457/502/174
f 470/517/173 459/503/173 458/516/173
f 459/503/172 472/518/172 460/504/172
f 472/518/171 461/506/171 460/504/171
f 473/519/170 462/507/170 461/506/170
f 462/507/169 475/520/169 463/521/169
f 475/522/180 464/523/180 463/509/180
f 476/524/179 465/511/179 464/523/179
f 477/525/178 466/512/178 465/511/178
f 478/526/177 467/513/177 466/512/177
f 467/513/176 480/527/176 468/514/176
f 480/527/175 457/502/175 468/514/175
f 469/515/186 482/528/186 470/517/186
f 470/517/185 483/529/185 471/530/185
f 483/529/184 472/518/184 471/530/184
f 484/531/183 473/519/183 472/518/183
f 473/519/182 486/532/182 474/533/182
f 486/532/181 475/520/181 474/533/181
f 487/534/192 476/524/192 475/522/192
f 488/535/191 477/525/191 476/524/191
f 477/525/190 490/536/190 478/526/190
f 478/526/189 491/537/189 479/538/189
f 491/537/188 480/527/188 479/538/188
f 492/539/187 469/515/187 480/527/187
f 481/540/198 494/541/198 482/528/198
f 494/541/197 483/529/197 482/528/197
f 495/542/196 484/531/196 483/529/196
f 496/543/195 485/544/195 484/531/195
f 497/545/194 486/532/194 485/544/194
f 498/546/193 487/547/193 486/532/193
f 499/548/204 488/535/204 487/534/204
f 500/549/203 489/550/203 488/535/203
f 501/551/202 490/536/202 489/550/202
f 502/552/201 491/537/201 490/536/201
f 503/553/200 492/539/200 491/537/200
f 504/554/199 481/540/199 492/539/199
f 505/555/210 494/541/210 493/556/210
f 506/557/209 495/542/209 494/541/209
f 495/542/208 508/558/208 496/543/208
f 508/558/207 497/545/207 496/543/207
f 509/559/206 498/546/206 497/545/206
f 510/560/205 499/561/205 498/546/205
f 499/548/216 512/562/216 500/549/216
f 500/549/215 513/563/215 501/551/215
f 501/551/214 514/564/214 502/552/214
f 514/564/213 503/553/213 502/552/213
f 515/565/212 504/554/212 503/553/212
f 516/566/211 493/556/211 504/554/211
f 505/555/222 518/567/222 506/557/222
f 518/567/221 507/568/221 506/557/221
f 519/569/220 508/558/220 507/568/220
f 508/558/219 521/570/219 509/559/219
f 521/570/218 510/560/218 509/559/218
f 522/571/217 511/572/217 510/560/217
f 523/573/228 512/562/228 511/574/228
f 512/562/227 525/575/227 513/563/227
f 525/575/226 514/564/226 513/563/226
f 514/564/225 527/576/225 515/565/225
f 515/565/224 528/577/224 516/566/224
f 528/577/223 505/555/223 516/566/223
f 529/578/234 518/567/234 517/579/234
f 518/567/233 531/580/233 519/569/233
f 531/580/232 520/581/232 519/569/232
f 532/582/231 521/570/231 520/581/231
f 533/583/230 522/571/230 521/570/230
f 522/571/229 535/584/229 523/585/229
f 535/586/240 524/587/240 523/573/240
f 524/587/239 537/588/239 525/575/239
f 537/588/238 526/589/238 525/575/238
f 538/590/237 527/576/237 526/589/237
f 539/591/236 528/577/236 527/576/236
f 528/577/235 529/578/235 517/579/235
f 541/592/246 530/593/246 529/578/246
f 530/593/245 543/594/245 531/580/245
f 543/594/244 532/582/244 531/580/244
f 532/582/243 545/595/243 533/583/243
f 533/583/242 546/596/242 534/597/242
f 546/596/241 535/584/241 534/597/241
f 547/598/252 536/599/252 535/586/252
f 536/599/251 549/600/251 537/588/251
f 549/600/250 538/590/250 537/588/250
f 538/590/249 551/601/249 539/591/249
f 551/601/248 540/602/248 539/591/248
f 552/603/247 529/578/247 540/602/247
f 553/604/258 542/605/258 541/592/258
f 542/605/291 555/606/291 543/594/291
f 555/606/292 544/607/292 543/594/292
f 556/608/255 545/595/255 544/607/255
f 557/609/254 546/596/254 545/595/254
f 558/610/253 547/611/253 546/596/253
f 559/612/264 548/613/264 547/598/264
f 548/613/263 561/614/263 549/600/263
f 561/614/262 550/615/262 549/600/262
f 550/615/293 563/616/293 551/601/293
f 563/616/294 552/603/294 551/601/294
f 552/603/259 553/604/259 541/592/259
f 565/617/270 554/618/270 553/604/270
f 566/619/269 555/606/269 554/618/269
f 555/606/268 568/620/268 556/608/268
f 556/608/267 569/621/267 557/609/267
f 557/609/266 570/622/266 558/610/266
f 570/622/265 559/623/265 558/610/265
f 571/624/276 560/625/276 559/612/276
f 572/626/275 561/614/275 560/625/275
f 573/627/274 562/628/274 561/614/274
f 574/629/273 563/616/273 562/628/273
f 563/616/272 576/630/272 564/631/272
f 564/631/271 565/617/271 553/604/271
f 1/3/282 566/619/282 565/617/282
f 566/619/281 3/5/281 567/632/281
f 3/5/280 568/620/280 567/632/280
f 4/7/279 569/621/279 568/620/279
f 5/9/278 570/622/278 569/621/278
f 570/622/277 7/13/277 571/633/277
f 7/14/288 572/626/288 571/624/288
f 8/16/287 573/627/287 572/626/287
f 9/18/286 574/629/286 573/627/286
f 10/19/285 575/634/285 574/629/285
f 11/21/284 576/630/284 575/634/284
f 12/23/283 565/617/283 576/630/283
f 13/1/1 14/4/1 2/2/1
f 14/4/2 15/6/2 3/5/2
f 15/6/3 16/8/3 4/7/3
f 16/8/4 17/10/4 5/9/4
f 17/10/5 18/12/5 6/11/5
f 18/12/6 19/29/6 7/13/6
f 7/14/7 19/31/7 20/15/7
f 8/16/8 20/15/8 21/17/8
f 21/17/9 22/34/9 10/19/9
f 10/19/10 22/34/10 23/20/10
f 11/21/11 23/20/11 24/22/11
f 24/22/12 13/1/12 1/3/12
f 25/24/13 26/25/13 14/4/13
f 26/25/14 27/37/14 15/6/14
f 15/6/15 27/37/15 28/26/15
f 28/26/16 29/27/16 17/10/16
f 29/27/17 30/28/17 18/12/17
f 30/28/18 31/41/18 19/29/18
f 31/30/19 32/32/19 20/15/19
f 32/32/20 33/44/20 21/17/20
f 21/17/21 33/44/21 34/33/21
f 34/33/22 35/35/22 23/20/22
f 35/35/23 36/48/23 24/22/23
f 24/22/24 36/48/24 25/24/24
f 25/24/25 37/51/25 38/36/25
f 38/36/26 39/53/26 27/37/26
f 27/37/295 39/53/295 40/38/295
f 28/26/28 40/38/28 41/39/28
f 29/27/29 41/39/29 42/40/29
f 42/40/30 43/57/30 31/41/30
f 43/42/31 44/43/31 32/32/31
f 44/43/32 45/45/32 33/44/32
f 45/45/33 46/46/33 34/33/33
f 46/46/296 47/47/296 35/35/296
f 47/47/289 48/49/289 36/48/289
f 48/49/36 37/51/36 25/24/36
f 49/50/37 50/52/37 38/36/37
f 50/52/38 51/65/38 39/53/38
f 39/53/39 51/65/39 52/54/39
f 52/54/40 53/55/40 41/39/40
f 53/55/41 54/56/41 42/40/41
f 54/56/42 55/69/42 43/57/42
f 55/58/43 56/59/43 44/43/43
f 56/59/44 57/72/44 45/45/44
f 45/45/45 57/72/45 58/60/45
f 58/60/46 59/61/46 47/47/46
f 59/61/47 60/62/47 48/49/47
f 60/62/48 49/50/48 37/51/48
f 61/63/49 62/77/49 50/52/49
f 50/52/50 62/77/50 63/64/50
f 51/65/51 63/64/51 64/66/51
f 64/66/52 65/67/52 53/55/52
f 65/67/53 66/68/53 54/56/53
f 66/68/54 67/82/54 55/69/54
f 67/70/55 68/84/55 56/59/55
f 56/59/56 68/84/56 69/71/56
f 57/72/57 69/71/57 70/73/57
f 70/73/58 71/74/58 59/61/58
f 71/74/59 72/75/59 60/62/59
f 72/75/60 61/63/60 49/50/60
f 73/76/61 74/78/61 62/77/61
f 74/78/62 75/79/62 63/64/62
f 75/79/63 76/80/63 64/66/63
f 76/80/64 77/92/64 65/67/64
f 65/67/65 77/92/65 78/81/65
f 78/81/66 79/94/66 67/82/66
f 79/83/67 80/85/67 68/84/67
f 80/85/68 81/86/68 69/71/68
f 81/86/69 82/87/69 70/73/69
f 82/87/70 83/97/70 71/74/70
f 71/74/71 83/97/71 84/88/71
f 84/88/72 73/76/72 61/63/72
f 73/76/73 85/101/73 86/89/73
f 86/89/74 87/90/74 75/79/74
f 87/90/75 88/91/75 76/80/75
f 88/91/76 89/104/76 77/92/76
f 77/92/77 89/104/77 90/93/77
f 90/93/78 91/106/78 79/94/78
f 79/83/79 91/108/79 92/95/79
f 92/95/80 93/110/80 81/86/80
f 81/86/81 93/110/81 94/96/81
f 94/96/82 95/98/82 83/97/82
f 95/98/83 96/99/83 84/88/83
f 96/99/84 85/101/84 73/76/84
f 97/100/85 98/116/85 86/89/85
f 86/89/86 98/116/86 99/102/86
f 87/90/87 99/102/87 100/103/87
f 100/103/88 101/120/88 89/104/88
f 89/104/89 101/120/89 102/105/89
f 102/105/90 103/123/90 91/106/90
f 103/107/91 104/109/91 92/95/91
f 104/109/92 105/111/92 93/110/92
f 105/111/93 106/112/93 94/96/93
f 106/112/94 107/113/94 95/98/94
f 107/113/95 108/114/95 96/99/95
f 108/114/96 97/100/96 85/101/96
f 109/115/97 110/117/97 98/116/97
f 110/117/98 111/118/98 99/102/98
f 111/118/99 112/119/99 100/103/99
f 112/119/100 113/121/100 101/120/100
f 113/121/101 114/122/101 102/105/101
f 114/122/102 115/135/102 103/123/102
f 115/124/103 116/125/103 104/109/103
f 116/125/104 117/137/104 105/111/104
f 105/111/105 117/137/105 118/126/105
f 118/126/106 119/127/106 107/113/106
f 119/127/107 120/128/107 108/114/107
f 120/128/108 109/115/108 97/100/108
f 121/129/109 122/130/109 110/117/109
f 122/130/110 123/131/110 111/118/110
f 123/131/290 124/132/290 112/119/290
f 124/132/112 125/133/112 113/121/112
f 125/133/113 126/134/113 114/122/113
f 126/134/114 127/145/114 115/135/114
f 115/124/115 127/147/115 128/136/115
f 128/136/116 129/138/116 117/137/116
f 129/138/117 130/150/117 118/126/117
f 118/126/118 130/150/118 131/139/118
f 119/127/119 131/139/119 132/140/119
f 120/128/120 132/140/120 121/129/120
f 121/129/121 133/153/121 134/141/121
f 134/141/122 135/142/122 123/131/122
f 135/142/123 136/143/123 124/132/123
f 136/143/124 137/156/124 125/133/124
f 125/133/125 137/156/125 138/144/125
f 138/144/126 139/159/126 127/145/126
f 139/146/127 140/148/127 128/136/127
f 140/148/128 141/149/128 129/138/128
f 141/149/129 142/163/129 130/150/129
f 130/150/130 142/163/130 143/151/130
f 143/151/131 144/152/131 132/140/131
f 144/152/132 133/153/132 121/129/132
f 133/153/133 145/167/133 146/154/133
f 146/154/134 147/169/134 135/142/134
f 135/142/135 147/169/135 148/155/135
f 148/155/136 149/157/136 137/156/136
f 149/157/137 150/158/137 138/144/137
f 150/158/138 151/174/138 139/159/138
f 151/160/139 152/161/139 140/148/139
f 152/161/140 153/176/140 141/149/140
f 141/149/141 153/176/141 154/162/141
f 154/162/142 155/164/142 143/151/142
f 155/164/143 156/165/143 144/152/143
f 156/165/144 145/167/144 133/153/144
f 157/166/145 158/168/145 146/154/145
f 158/168/146 159/170/146 147/169/146
f 159/170/147 160/171/147 148/155/147
f 160/171/148 161/182/148 149/157/148
f 149/157/149 161/182/149 162/172/149
f 150/158/150 162/172/150 163/173/150
f 151/160/151 163/185/151 164/175/151
f 164/175/152 165/187/152 153/176/152
f 153/176/153 165/187/153 166/177/153
f 166/177/154 167/190/154 155/164/154
f 155/164/155 167/190/155 168/178/155
f 168/178/156 157/166/156 145/167/156
f 157/166/157 169/193/157 170/179/157
f 170/179/158 171/180/158 159/170/158
f 171/180/159 172/196/159 160/171/159
f 160/171/160 172/196/160 173/181/160
f 173/181/161 174/183/161 162/172/161
f 174/183/162 175/199/162 163/173/162
f 175/184/163 176/186/163 164/175/163
f 176/186/164 177/188/164 165/187/164
f 177/188/165 178/189/165 166/177/165
f 178/189/166 179/191/166 167/190/166
f 179/191/167 180/192/167 168/178/167
f 180/192/168 169/193/168 157/166/168
f 169/193/169 181/206/169 182/194/169
f 182/194/170 183/195/170 171/180/170
f 183/195/171 184/209/171 172/196/171
f 172/196/172 184/209/172 185/197/172
f 185/197/173 186/198/173 174/183/173
f 186/198/174 187/212/174 175/199/174
f 187/200/175 188/201/175 176/186/175
f 188/201/176 189/202/176 177/188/176
f 189/202/177 190/203/177 178/189/177
f 190/203/178 191/217/178 179/191/178
f 179/191/179 191/217/179 192/204/179
f 192/204/180 181/206/180 169/193/180
f 193/205/181 194/207/181 182/194/181
f 194/207/182 195/221/182 183/195/182
f 183/195/183 195/221/183 196/208/183
f 196/208/184 197/210/184 185/197/184
f 197/210/185 198/211/185 186/198/185
f 198/211/186 199/225/186 187/212/186
f 199/213/187 200/214/187 188/201/187
f 200/214/188 201/215/188 189/202/188
f 201/215/189 202/216/189 190/203/189
f 202/216/190 203/229/190 191/217/190
f 191/217/191 203/229/191 204/218/191
f 204/218/192 193/205/192 181/206/192
f 205/219/193 206/220/193 194/207/193
f 206/220/194 207/222/194 195/221/194
f 207/222/195 208/223/195 196/208/195
f 208/223/196 209/234/196 197/210/196
f 197/210/197 209/234/197 210/224/197
f 210/224/198 211/236/198 199/225/198
f 199/213/199 211/237/199 212/226/199
f 212/226/200 213/239/200 201/215/200
f 201/215/201 213/239/201 214/227/201
f 202/216/202 214/227/202 215/228/202
f 203/229/203 215/228/203 216/230/203
f 216/230/204 205/219/204 193/205/204
f 217/231/205 218/232/205 206/220/205
f 218/232/206 219/244/206 207/222/206
f 207/222/207 219/244/207 220/233/207
f 220/233/208 221/246/208 209/234/208
f 209/234/209 221/246/209 222/235/209
f 222/235/210 223/249/210 211/236/210
f 211/237/211 223/251/211 224/238/211
f 224/238/212 225/240/212 213/239/212
f 225/240/213 226/241/213 214/227/213
f 226/241/214 227/242/214 215/228/214
f 227/242/215 228/255/215 216/230/215
f 216/230/216 228/255/216 217/231/216
f 217/231/217 229/257/217 230/243/217
f 230/243/218 231/259/218 219/244/218
f 219/244/219 231/259/219 232/245/219
f 232/245/220 233/247/220 221/246/220
f 233/247/221 234/248/221 222/235/221
f 234/248/222 235/263/222 223/249/222
f 235/250/223 236/252/223 224/238/223
f 236/252/224 237/266/224 225/240/224
f 225/240/225 237/266/225 238/253/225
f 238/253/226 239/269/226 227/242/226
f 227/242/227 239/269/227 240/254/227
f 240/254/228 229/257/228 217/231/228
f 241/256/229 242/258/229 230/243/229
f 242/258/230 243/273/230 231/259/230
f 231/259/231 243/273/231 244/260/231
f 244/260/232 245/261/232 233/247/232
f 245/261/233 246/262/233 234/248/233
f 246/262/234 247/277/234 235/263/234
f 247/264/235 248/265/235 236/252/235
f 248/265/236 249/267/236 237/266/236
f 249/267/237 250/268/237 238/253/237
f 250/268/238 251/281/238 239/269/238
f 239/269/239 251/281/239 252/270/239
f 240/254/240 252/270/240 241/256/240
f 253/271/241 254/272/241 242/258/241
f 254/272/242 255/285/242 243/273/242
f 243/273/243 255/285/243 256/274/243
f 256/274/244 257/275/244 245/261/244
f 257/275/245 258/289/245 246/262/245
f 246/262/246 258/289/246 259/276/246
f 259/278/247 260/279/247 248/265/247
f 260/279/248 261/292/248 249/267/248
f 249/267/249 261/292/249 262/280/249
f 262/280/250 263/295/250 251/281/250
f 251/281/251 263/295/251 264/282/251
f 252/270/252 264/282/252 253/271/252
f 265/283/253 266/298/253 254/272/253
f 254/272/254 266/298/254 267/284/254
f 255/285/255 267/284/255 268/286/255
f 256/274/256 268/286/256 269/287/256
f 257/275/291 269/287/291 270/288/291
f 270/288/258 271/303/258 259/276/258
f 271/290/259 272/291/259 260/279/259
f 272/291/294 273/293/294 261/292/294
f 273/293/261 274/294/261 262/280/261
f 274/294/262 275/296/262 263/295/262
f 275/296/263 276/307/263 264/282/263
f 264/282/264 276/307/264 265/283/264
f 277/297/265 278/299/265 266/298/265
f 278/299/266 279/300/266 267/284/266
f 279/300/267 280/310/267 268/286/267
f 268/286/268 280/310/268 281/301/268
f 269/287/269 281/301/269 282/302/269
f 282/302/270 283/314/270 271/303/270
f 271/290/271 283/316/271 284/304/271
f 284/304/272 285/305/272 273/293/272
f 285/305/273 286/319/273 274/294/273
f 274/294/274 286/319/274 287/306/274
f 287/306/275 288/321/275 276/307/275
f 276/307/276 288/321/276 277/297/276
f 277/297/277 289/635/277 290/308/277
f 290/308/278 291/309/278 279/300/278
f 291/309/279 292/311/279 280/310/279
f 292/311/280 293/312/280 281/301/280
f 293/312/281 294/636/281 282/302/281
f 282/302/282 294/636/282 295/313/282
f 295/315/283 296/317/283 284/304/283
f 296/317/284 297/637/284 285/305/284
f 285/305/285 297/637/285 298/318/285
f 298/318/286 299/320/286 287/306/286
f 299/320/287 300/322/287 288/321/287
f 300/322/288 289/635/288 277/297/288
f 289/323/6 301/345/6 302/324/6
f 290/325/5 302/324/5 303/326/5
f 291/327/4 303/326/4 304/328/4
f 304/328/3 305/349/3 293/330/3
f 293/330/2 305/349/2 306/331/2
f 306/331/1 307/351/1 295/333/1
f 307/334/12 308/337/12 296/335/12
f 308/337/11 309/339/11 297/338/11
f 309/339/10 310/354/10 298/340/10
f 298/340/9 310/354/9 311/341/9
f 311/341/8 312/344/8 300/343/8
f 312/344/7 301/345/7 289/323/7
f 301/345/18 313/358/18 314/346/18
f 314/346/17 315/347/17 303/326/17
f 315/347/16 316/360/16 304/328/16
f 304/328/15 316/360/15 317/348/15
f 305/349/14 317/348/14 318/350/14
f 318/350/13 319/363/13 307/351/13
f 307/334/24 319/365/24 320/352/24
f 320/352/23 321/353/23 309/339/23
f 321/353/22 322/368/22 310/354/22
f 310/354/21 322/368/21 323/355/21
f 323/355/20 324/356/20 312/344/20
f 324/356/19 313/358/19 301/345/19
f 325/357/30 326/372/30 314/346/30
f 314/346/29 326/372/29 327/359/29
f 327/359/28 328/375/28 316/360/28
f 316/360/27 328/375/27 329/361/27
f 329/361/26 330/362/26 318/350/26
f 330/362/25 331/379/25 319/363/25
f 331/364/36 332/366/36 320/352/36
f 332/366/289 333/367/289 321/353/289
f 333/367/34 334/369/34 322/368/34
f 334/369/33 335/370/33 323/355/33
f 335/370/32 336/385/32 324/356/32
f 324/356/31 336/385/31 325/357/31
f 337/371/42 338/373/42 326/372/42
f 338/373/41 339/374/41 327/359/41
f 339/374/40 340/376/40 328/375/40
f 340/376/39 341/377/39 329/361/39
f 341/377/38 342/378/38 330/362/38
f 342/378/37 343/390/37 331/379/37
f 343/380/48 344/381/48 332/366/48
f 344/381/47 345/393/47 333/367/47
f 333/367/46 345/393/46 346/382/46
f 334/369/45 346/382/45 347/383/45
f 335/370/44 347/383/44 348/384/44
f 348/384/43 337/371/43 325/357/43
f 337/371/54 349/398/54 350/386/54
f 350/386/53 351/387/53 339/374/53
f 351/387/52 352/401/52 340/376/52
f 340/376/51 352/401/51 353/388/51
f 353/388/50 354/403/50 342/378/50
f 342/378/49 354/403/49 355/389/49
f 355/391/60 356/392/60 344/381/60
f 356/392/59 357/394/59 345/393/59
f 357/394/58 358/407/58 346/382/58
f 346/382/57 358/407/57 359/395/57
f 347/383/56 359/395/56 360/396/56
f 360/396/55 349/398/55 337/371/55
f 361/397/66 362/399/66 350/386/66
f 362/399/65 363/400/65 351/387/65
f 363/400/64 364/412/64 352/401/64
f 352/401/63 364/412/63 365/402/63
f 365/402/62 366/414/62 354/403/62
f 354/403/61 366/414/61 367/404/61
f 355/391/72 367/416/72 368/405/72
f 368/405/71 369/406/71 357/394/71
f 369/406/70 370/408/70 358/407/70
f 370/408/69 371/420/69 359/395/69
f 359/395/68 371/420/68 372/409/68
f 360/396/67 372/409/67 361/397/67
f 361/397/78 373/423/78 374/410/78
f 374/410/77 375/425/77 363/400/77
f 363/400/76 375/425/76 376/411/76
f 376/411/75 377/413/75 365/402/75
f 377/413/74 378/415/74 366/414/74
f 378/415/73 379/428/73 367/404/73
f 367/416/84 379/430/84 380/417/84
f 380/417/83 381/418/83 369/406/83
f 381/418/82 382/419/82 370/408/82
f 382/419/81 383/434/81 371/420/81
f 371/420/80 383/434/80 384/421/80
f 384/421/79 373/423/79 361/397/79
f 385/422/90 386/424/90 374/410/90
f 386/424/89 387/438/89 375/425/89
f 375/425/88 387/438/88 388/426/88
f 388/426/87 389/441/87 377/413/87
f 377/413/86 389/441/86 390/427/86
f 390/427/85 391/443/85 379/428/85
f 391/429/96 392/431/96 380/417/96
f 392/431/95 393/432/95 381/418/95
f 393/432/94 394/433/94 382/419/94
f 394/433/93 395/435/93 383/434/93
f 395/435/92 396/448/92 384/421/92
f 384/421/91 396/448/91 385/422/91
f 397/436/102 398/437/102 386/424/102
f 398/437/101 399/451/101 387/438/101
f 387/438/100 399/451/100 400/439/100
f 388/426/99 400/439/99 401/440/99
f 389/441/98 401/440/98 402/442/98
f 402/442/97 403/456/97 391/443/97
f 391/429/108 403/458/108 404/444/108
f 404/444/107 405/445/107 393/432/107
f 405/445/106 406/446/106 394/433/106
f 406/446/105 407/447/105 395/435/105
f 407/447/104 408/462/104 396/448/104
f 396/448/103 408/462/103 397/436/103
f 409/449/114 410/450/114 398/437/114
f 410/450/113 411/452/113 399/451/113
f 411/452/112 412/453/112 400/439/112
f 412/453/290 413/454/290 401/440/290
f 413/454/110 414/455/110 402/442/110
f 414/455/109 415/468/109 403/456/109
f 415/457/120 416/470/120 404/444/120
f 404/444/119 416/470/119 417/459/119
f 405/445/118 417/459/118 418/460/118
f 418/460/117 419/461/117 407/447/117
f 419/461/116 420/474/116 408/462/116
f 408/462/115 420/474/115 409/449/115
f 421/463/126 422/477/126 410/450/126
f 410/450/125 422/477/125 423/464/125
f 411/452/124 423/464/124 424/465/124
f 424/465/123 425/466/123 413/454/123
f 425/466/122 426/467/122 414/455/122
f 426/467/121 427/483/121 415/468/121
f 415/457/132 427/485/132 428/469/132
f 428/469/131 429/471/131 417/459/131
f 429/471/130 430/472/130 418/460/130
f 430/472/129 431/473/129 419/461/129
f 431/473/128 432/475/128 420/474/128
f 432/475/127 421/463/127 409/449/127
f 433/476/138 434/478/138 422/477/138
f 434/478/137 435/479/137 423/464/137
f 435/479/136 436/480/136 424/465/136
f 436/480/135 437/481/135 425/466/135
f 437/481/134 438/482/134 426/467/134
f 438/482/133 439/495/133 427/483/133
f 439/484/144 440/486/144 428/469/144
f 440/486/143 441/487/143 429/471/143
f 441/487/142 442/488/142 430/472/142
f 442/488/141 443/500/141 431/473/141
f 431/473/140 443/500/140 444/489/140
f 444/489/139 433/476/139 421/463/139
f 445/490/150 446/491/150 434/478/150
f 446/491/149 447/492/149 435/479/149
f 447/492/148 448/493/148 436/480/148
f 448/493/147 449/505/147 437/481/147
f 437/481/146 449/505/146 450/494/146
f 450/494/145 451/508/145 439/495/145
f 439/484/156 451/510/156 452/496/156
f 440/486/155 452/496/155 453/497/155
f 441/487/154 453/497/154 454/498/154
f 442/488/153 454/498/153 455/499/153
f 443/500/152 455/499/152 456/501/152
f 456/501/151 445/490/151 433/476/151
f 457/502/162 458/516/162 446/491/162
f 446/491/161 458/516/161 459/503/161
f 459/503/160 460/504/160 448/493/160
f 460/504/159 461/506/159 449/505/159
f 461/506/158 462/507/158 450/494/158
f 462/507/157 463/521/157 451/508/157
f 463/509/168 464/523/168 452/496/168
f 452/496/167 464/523/167 465/511/167
f 453/497/166 465/511/166 466/512/166
f 466/512/165 467/513/165 455/499/165
f 467/513/164 468/514/164 456/501/164
f 468/514/163 457/502/163 445/490/163
f 469/515/174 470/517/174 458/516/174
f 470/517/173 471/530/173 459/503/173
f 459/503/172 471/530/172 472/518/172
f 472/518/171 473/519/171 461/506/171
f 473/519/170 474/533/170 462/507/170
f 462/507/169 474/533/169 475/520/169
f 475/522/180 476/524/180 464/523/180
f 476/524/179 477/525/179 465/511/179
f 477/525/178 478/526/178 466/512/178
f 478/526/177 479/538/177 467/513/177
f 467/513/176 479/538/176 480/527/176
f 480/527/175 469/515/175 457/502/175
f 469/515/186 481/540/186 482/528/186
f 470/517/185 482/528/185 483/529/185
f 483/529/184 484/531/184 472/518/184
f 484/531/183 485/544/183 473/519/183
f 473/519/182 485/544/182 486/532/182
f 486/532/181 487/547/181 475/520/181
f 487/534/192 488/535/192 476/524/192
f 488/535/191 489/550/191 477/525/191
f 477/525/190 489/550/190 490/536/190
f 478/526/189 490/536/189 491/537/189
f 491/537/188 492/539/188 480/527/188
f 492/539/187 481/540/187 469/515/187
f 481/540/198 493/556/198 494/541/198
f 494/541/197 495/542/197 483/529/197
f 495/542/196 496/543/196 484/531/196
f 496/543/195 497/545/195 485/544/195
f 497/545/194 498/546/194 486/532/194
f 498/546/193 499/561/193 487/547/193
f 499/548/204 500/549/204 488/535/204
f 500/549/203 501/551/203 489/550/203
f 501/551/202 502/552/202 490/536/202
f 502/552/201 503/553/201 491/537/201
f 503/553/200 504/554/200 492/539/200
f 504/554/199 493/556/199 481/540/199
f 505/555/210 506/557/210 494/541/210
f 506/557/209 507/568/209 495/542/209
f 495/542/208 507/568/208 508/558/208
f 508/558/207 509/559/207 497/545/207
f 509/559/206 510/560/206 498/546/206
f 510/560/205 511/572/205 499/561/205
f 499/548/216 511/574/216 512/562/216
f 500/549/215 512/562/215 513/563/215
f 501/551/214 513/563/214 514/564/214
f 514/564/213 515/565/213 503/553/213
f 515/565/212 516/566/212 504/554/212
f 516/566/211 505/555/211 493/556/211
f 505/555/222 517/579/222 518/567/222
f 518/567/221 519/569/221 507/568/221
f 519/569/220 520/581/220 508/558/220
f 508/558/219 520/581/219 521/570/219
f 521/570/218 522/571/218 510/560/218
f 522/571/217 523/585/217 511/572/217
f 523/573/228 524/587/228 512/562/228
f 512/562/227 524/587/227 525/575/227
f 525/575/226 526/589/226 514/564/226
f 514/564/225 526/589/225 527/576/225
f 515/565/224 527/576/224 528/577/224
f 528/577/223 517/579/223 505/555/223
f 529/578/234 530/593/234 518/567/234
f 518/567/233 530/593/233 531/580/233
f 531/580/232 532/582/232 520/581/232
f 532/582/231 533/583/231 521/570/231
f 533/583/230 534/597/230 522/571/230
f 522/571/229 534/597/229 535/584/229
f 535/586/240 536/599/240 524/587/240
f 524/587/239 536/599/239 537/588/239
f 537/588/238 538/590/238 526/589/238
f 538/590/237 539/591/237 527/576/237
f 539/591/236 540/602/236 528/577/236
f 528/577/235 540/602/235 529/578/235
f 541/592/246 542/605/246 530/593/246
f 530/593/245 542/605/245 543/594/245
f 543/594/244 544/607/244 532/582/244
f 532/582/243 544/607/243 545/595/243
f 533/583/242 545/595/242 546/596/242
f 546/596/241 547/611/241 535/584/241
f 547/598/252 548/613/252 536/599/252
f 536/599/251 548/613/251 549/600/251
f 549/600/250 550/615/250 538/590/250
f 538/590/249 550/615/249 551/601/249
f 551/601/248 552/603/248 540/602/248
f 552/603/247 541/592/247 529/578/247
f 553/604/258 554/618/258 542/605/258
f 542/605/257 554/618/257 555/606/257
f 555/606/256 556/608/256 544/607/256
f 556/608/255 557/609/255 545/595/255
f 557/609/254 558/610/254 546/596/254
f 558/610/253 559/623/253 547/611/253
f 559/612/264 560/625/264 548/613/264
f 548/613/263 560/625/263 561/614/263
f 561/614/262 562/628/262 550/615/262
f 550/615/261 562/628/261 563/616/261
f 563/616/260 564/631/260 552/603/260
f 552/603/259 564/631/259 553/604/259
f 565/617/270 566/619/270 554/618/270
f 566/619/269 567/632/269 555/606/269
f 555/606/268 567/632/268 568/620/268
f 556/608/267 568/620/267 569/621/267
f 557/609/266 569/621/266 570/622/266
f 570/622/265 571/633/265 559/623/265
f 571/624/276 572/626/276 560/625/276
f 572/626/275 573/627/275 561/614/275
f 573/627/274 574/629/274 562/628/274
f 574/629/273 575/634/273 563/616/273
f 563/616/272 575/634/272 576/630/272
f 564/631/271 576/630/271 565/617/271
f 1/3/282 2/2/282 566/619/282
f 566/619/281 2/2/281 3/5/281
f 3/5/280 4/7/280 568/620/280
f 4/7/279 5/9/279 569/621/279
f 5/9/278 6/11/278 570/622/278
f 570/622/277 6/11/277 7/13/277
f 7/14/288 8/16/288 572/626/288
f 8/16/287 9/18/287 573/627/287
f 9/18/286 10/19/286 574/629/286
f 10/19/285 11/21/285 575/634/285
f 11/21/284 12/23/284 576/630/284
f 12/23/283 1/3/283 565/617/283
o Torus
v 0.000000 -0.000000 -9.480800
v -0.000000 1.540826 -9.233630
v -0.000000 2.668788 -8.558351
v -0.000000 3.081652 -7.635900
v -0.000000 2.668789 -6.713451
v -0.000000 1.540826 -6.038170
v 0.000000 -0.000000 -5.791001
v 0.000000 -1.540826 -6.038170
v 0.000000 -2.668789 -6.713451
v 0.000000 -3.081652 -7.635900
v 0.000000 -2.668789 -8.558351
v 0.000000 -1.540826 -9.233630
v -1.237493 -0.000000 -9.399691
v -1.205230 1.540825 -9.154635
v -1.117089 2.668788 -8.485132
v -0.996685 3.081651 -7.570574
v -0.876281 2.668789 -6.656016
v -0.788139 1.540826 -5.986513
v -0.755877 -0.000000 -5.741458
v -0.788139 -1.540826 -5.986513
v -0.876281 -2.668789 -6.656016
v -0.996685 -3.081652 -7.570574
v -1.117089 -2.668789 -8.485132
v -1.205230 -1.540826 -9.154635
v -2.453811 -0.000001 -9.157749
v -2.389839 1.540825 -8.919003
v -2.215064 2.668788 -8.266732
v -1.976316 3.081651 -7.375713
v -1.737569 2.668788 -6.484695
v -1.562793 1.540826 -5.832425
v -1.498821 -0.000000 -5.593677
v -1.562793 -1.540826 -5.832425
v -1.737568 -2.668789 -6.484695
v -1.976316 -3.081652 -7.375713
v -2.215064 -2.668789 -8.266732
v -2.389839 -1.540826 -8.919003
v -3.628145 -0.000001 -8.759117
v -3.533557 1.540825 -8.530763
v -3.275139 2.668788 -7.906884
v -2.922132 3.081651 -7.054653
v -2.569126 2.668788 -6.202420
v -2.310708 1.540826 -5.578543
v -2.216120 -0.000000 -5.350187
v -2.310708 -1.540826 -5.578543
v -2.569126 -2.668789 -6.202420
v -2.922132 -3.081652 -7.054653
v -3.275138 -2.668789 -7.906884
v -3.533557 -1.540826 -8.530763
v -4.740400 -0.000001 -8.210613
v -4.616816 1.540825 -7.996558
v -4.279175 2.668788 -7.411748
v -3.817951 3.081651 -6.612884
v -3.356726 2.668788 -5.814019
v -3.019086 1.540826 -5.229209
v -2.895501 -0.000000 -5.015153
v -3.019086 -1.540826 -5.229209
v -3.356726 -2.668789 -5.814019
v -3.817951 -3.081652 -6.612884
v -4.279175 -2.668789 -7.411748
v -4.616816 -1.540827 -7.996558
v -5.771545 -0.000001 -7.521625
v -5.621078 1.540825 -7.325531
v -5.209993 2.668788 -6.789796
v -4.648441 3.081651 -6.057968
v -4.086889 2.668788 -5.326138
v -3.675805 1.540826 -4.790403
v -3.525338 -0.000000 -4.594310
v -3.675805 -1.540826 -4.790403
v -4.086889 -2.668789 -5.326138
v -4.648441 -3.081652 -6.057967
v -5.209993 -2.668789 -6.789796
v -5.621078 -1.540827 -7.325532
v -6.703938 -0.000001 -6.703938
v -6.529162 1.540825 -6.529162
v -6.051667 2.668788 -6.051668
v -5.399397 3.081651 -5.399397
v -4.747127 2.668788 -4.747126
v -4.269631 1.540826 -4.269631
v -4.094856 -0.000000 -4.094856
v -4.269631 -1.540826 -4.269631
v -4.747127 -2.668789 -4.747126
v -5.399397 -3.081652 -5.399397
v -6.051667 -2.668789 -6.051668
v -6.529162 -1.540827 -6.529162
v -7.521624 -0.000001 -5.771546
v -7.325531 1.540825 -5.621078
v -6.789794 2.668788 -5.209994
v -6.057966 3.081651 -4.648442
v -5.326138 2.668788 -4.086890
v -4.790402 1.540826 -3.675806
v -4.594310 -0.000000 -3.525339
v -4.790402 -1.540826 -3.675806
v -5.326138 -2.668789 -4.086890
v -6.057966 -3.081652 -4.648442
v -6.789794 -2.668789 -5.209994
v -7.325531 -1.540827 -5.621079
v -8.210614 -0.000001 -4.740400
v -7.996559 1.540825 -4.616815
v -7.411749 2.668788 -4.279175
v -6.612884 3.081651 -3.817951
v -5.814019 2.668788 -3.356725
v -5.229209 1.540826 -3.019085
v -5.015154 -0.000000 -2.895500
v -5.229209 -1.540826 -3.019085
v -5.814019 -2.668789 -3.356725
v -6.612884 -3.081652 -3.817950
v -7.411749 -2.668789 -4.279175
v -7.996559 -1.540827 -4.616815
v -8.759116 -0.000001 -3.628147
v -8.530762 1.540825 -3.533559
v -7.906884 2.668788 -3.275141
v -7.054652 3.081651 -2.922134
v -6.202419 2.668788 -2.569127
v -5.578542 1.540826 -2.310709
v -5.350187 -0.000000 -2.216121
v -5.578542 -1.540826 -2.310709
v -6.202419 -2.668789 -2.569127
v -7.054652 -3.081652 -2.922134
v -7.906884 -2.668789 -3.275141
v -8.530762 -1.540826 -3.533559
v -9.157749 -0.000001 -2.453812
v -8.919002 1.540825 -2.389840
v -8.266732 2.668788 -2.215065
v -7.375713 3.081651 -1.976317
v -6.484695 2.668788 -1.737569
v -5.832425 1.540826 -1.562794
v -5.593677 -0.000000 -1.498821
v -5.832425 -1.540826 -1.562793
v -6.484695 -2.668789 -1.737569
v -7.375713 -3.081652 -1.976316
v -8.266732 -2.668789 -2.215065
v -8.919002 -1.540826 -2.389840
v -9.399691 -0.000000 -1.237492
v -9.154635 1.540825 -1.205230
v -8.485132 2.668788 -1.117088
v -7.570574 3.081651 -0.996684
v -6.656016 2.668789 -0.876280
v -5.986513 1.540826 -0.788139
v -5.741458 -0.000000 -0.755877
v -5.986513 -1.540826 -0.788139
v -6.656016 -2.668789 -0.876280
v -7.570574 -3.081652 -0.996684
v -8.485132 -2.668789 -1.117088
v -9.154635 -1.540826 -1.205229
v -9.480800 -0.000000 -0.000000
v -9.233630 1.540826 -0.000000
v -8.558351 2.668788 -0.000000
v -7.635900 3.081652 -0.000000
v -6.713451 2.668789 -0.000000
v -6.038170 1.540826 -0.000000
v -5.791001 -0.000000 -0.000000
v -6.038170 -1.540826 -0.000000
v -6.713451 -2.668789 0.000000
v -7.635900 -3.081652 0.000000
v -8.558351 -2.668789 -0.000000
v -9.233630 -1.540826 -0.000000
v -9.399691 -0.000000 1.237493
v -9.154635 1.540826 1.205231
v -8.485132 2.668789 1.117089
v -7.570574 3.081652 0.996686
v -6.656016 2.668789 0.876282
v -5.986514 1.540826 0.788140
v -5.741458 -0.000000 0.755878
v -5.986513 -1.540826 0.788140
v -6.656016 -2.668789 0.876282
v -7.570574 -3.081652 0.996686
v -8.485132 -2.668789 1.117090
v -9.154635 -1.540826 1.205231
v -9.157749 -0.000000 2.453811
v -8.919003 1.540826 2.389839
v -8.266732 2.668789 2.215064
v -7.375713 3.081652 1.976316
v -6.484696 2.668789 1.737568
v -5.832425 1.540826 1.562793
v -5.593677 -0.000000 1.498821
v -5.832425 -1.540826 1.562793
v -6.484696 -2.668789 1.737569
v -7.375713 -3.081652 1.976316
v -8.266732 -2.668789 2.215064
v -8.919003 -1.540826 2.389839
v -8.759117 -0.000000 3.628145
v -8.530762 1.540826 3.533558
v -7.906884 2.668789 3.275139
v -7.054652 3.081652 2.922132
v -6.202420 2.668789 2.569127
v -5.578542 1.540826 2.310708
v -5.350187 -0.000000 2.216120
v -5.578542 -1.540826 2.310708
v -6.202420 -2.668789 2.569127
v -7.054652 -3.081652 2.922133
v -7.906884 -2.668789 3.275139
v -8.530762 -1.540826 3.533558
v -8.210614 -0.000000 4.740399
v -7.996559 1.540826 4.616814
v -7.411749 2.668789 4.279174
v -6.612885 3.081652 3.817949
v -5.814019 2.668789 3.356725
v -5.229209 1.540826 3.019085
v -5.015155 -0.000000 2.895500
v -5.229209 -1.540826 3.019085
v -5.814019 -2.668789 3.356725
v -6.612885 -3.081652 3.817950
v -7.411749 -2.668789 4.279174
v -7.996559 -1.540826 4.616814
v -7.521624 -0.000000 5.771545
v -7.325531 1.540826 5.621078
v -6.789795 2.668789 5.209993
v -6.057967 3.081652 4.648442
v -5.326138 2.668789 4.086890
v -4.790402 1.540826 3.675805
v -4.594310 -0.000000 3.525338
v -4.790402 -1.540826 3.675805
v -5.326138 -2.668789 4.086890
v -6.057967 -3.081652 4.648442
v -6.789795 -2.668789 5.209993
v -7.325531 -1.540826 5.621078
v -6.703936 0.000000 6.703939
v -6.529161 1.540826 6.529164
v -6.051666 2.668789 6.051669
v -5.399396 3.081652 5.399398
v -4.747126 2.668789 4.747128
v -4.269630 1.540826 4.269632
v -4.094855 0.000000 4.094857
v -4.269630 -1.540826 4.269632
v -4.747126 -2.668789 4.747128
v -5.399396 -3.081652 5.399398
v -6.051666 -2.668789 6.051669
v -6.529161 -1.540826 6.529164
v -5.771545 0.000000 7.521624
v -5.621078 1.540826 7.325531
v -5.209993 2.668789 6.789795
v -4.648442 3.081652 6.057967
v -4.086890 2.668789 5.326138
v -3.675805 1.540826 4.790402
v -3.525338 0.000000 4.594310
v -3.675805 -1.540826 4.790402
v -4.086890 -2.668789 5.326138
v -4.648442 -3.081652 6.057967
v -5.209993 -2.668789 6.789795
v -5.621078 -1.540826 7.325531
v -4.740402 0.000000 8.210612
v -4.616817 1.540826 7.996558
v -4.279176 2.668789 7.411748
v -3.817952 3.081652 6.612883
v -3.356726 2.668789 5.814018
v -3.019086 1.540826 5.229208
v -2.895502 0.000000 5.015153
v -3.019086 -1.540826 5.229208
v -3.356726 -2.668789 5.814018
v -3.817951 -3.081652 6.612883
v -4.279176 -2.668789 7.411748
v -4.616817 -1.540826 7.996558
v -3.628146 0.000000 8.759117
v -3.533558 1.540826 8.530762
v -3.275139 2.668789 7.906884
v -2.922133 3.081652 7.054652
v -2.569127 2.668789 6.202419
v -2.310708 1.540826 5.578542
v -2.216120 0.000000 5.350187
v -2.310708 -1.540826 5.578542
v -2.569127 -2.668789 6.202419
v -2.922133 -3.081652 7.054652
v -3.275139 -2.668789 7.906884
v -3.533558 -1.540826 8.530762
v -2.453811 0.000000 9.157749
v -2.389839 1.540826 8.919003
v -2.215064 2.668789 8.266732
v -1.976316 3.081652 7.375714
v -1.737569 2.668789 6.484696
v -1.562793 1.540826 5.832425
v -1.498821 0.000000 5.593677
v -1.562793 -1.540826 5.832425
v -1.737568 -2.668789 6.484696
v -1.976316 -3.081652 7.375713
v -2.215064 -2.668789 8.266732
v -2.389839 -1.540826 8.919003
v -1.237494 0.000000 9.399690
v -1.205232 1.540826 9.154635
v -1.117090 2.668789 8.485132
v -0.996686 3.081652 7.570574
v -0.876282 2.668789 6.656016
v -0.788140 1.540826 5.986513
v -0.755878 0.000000 5.741458
v -0.788140 -1.540826 5.986513
v -0.876282 -2.668789 6.656016
v -0.996686 -3.081652 7.570574
v -1.117090 -2.668789 8.485132
v -1.205231 -1.540826 9.154635
v -0.000001 0.000000 9.480800
v -0.000001 1.540826 9.233630
v -0.000001 2.668789 8.558350
v -0.000001 3.081652 7.635900
v -0.000001 2.668789 6.713451
v -0.000000 1.540826 6.038170
v -0.000000 0.000000 5.791001
v -0.000000 -1.540826 6.038170
v -0.000000 -2.668789 6.713451
v -0.000000 -3.081652 7.635900
v -0.000000 -2.668788 8.558351
v -0.000001 -1.540826 9.233630
v 1.237493 0.000000 9.399691
v 1.205231 1.540826 9.154635
v 1.117089 2.668789 8.485132
v 0.996685 3.081652 7.570574
v 0.876281 2.668789 6.656016
v 0.788140 1.540826 5.986514
v 0.755878 0.000000 5.741458
v 0.788140 -1.540826 5.986513
v 0.876282 -2.668789 6.656016
v 0.996686 -3.081651 7.570574
v 1.117090 -2.668788 8.485132
v 1.205231 -1.540825 9.154635
v 2.453810 0.000001 9.157749
v 2.389838 1.540826 8.919003
v 2.215063 2.668789 8.266732
v 1.976315 3.081652 7.375713
v 1.737568 2.668789 6.484696
v 1.562793 1.540826 5.832425
v 1.498821 0.000000 5.593677
v 1.562793 -1.540826 5.832425
v 1.737568 -2.668788 6.484696
v 1.976316 -3.081651 7.375713
v 2.215063 -2.668788 8.266732
v 2.389838 -1.540825 8.919003
v 3.628142 0.000001 8.759118
v 3.533555 1.540826 8.530764
v 3.275136 2.668789 7.906886
v 2.922130 3.081652 7.054653
v 2.569124 2.668789 6.202421
v 2.310706 1.540826 5.578543
v 2.216118 0.000000 5.350188
v 2.310706 -1.540826 5.578543
v 2.569124 -2.668788 6.202421
v 2.922131 -3.081651 7.054654
v 3.275136 -2.668788 7.906886
v 3.533555 -1.540825 8.530764
v 4.740398 0.000001 8.210615
v 4.616813 1.540827 7.996559
v 4.279173 2.668789 7.411749
v 3.817949 3.081652 6.612885
v 3.356724 2.668789 5.814020
v 3.019084 1.540826 5.229209
v 2.895499 0.000000 5.015155
v 3.019084 -1.540826 5.229210
v 3.356724 -2.668788 5.814019
v 3.817949 -3.081651 6.612885
v 4.279173 -2.668788 7.411749
v 4.616813 -1.540825 7.996559
v 5.771545 0.000001 7.521625
v 5.621078 1.540827 7.325532
v 5.209993 2.668789 6.789795
v 4.648441 3.081652 6.057967
v 4.086889 2.668789 5.326138
v 3.675805 1.540826 4.790402
v 3.525338 0.000000 4.594310
v 3.675805 -1.540826 4.790403
v 4.086889 -2.668788 5.326138
v 4.648441 -3.081651 6.057967
v 5.209993 -2.668788 6.789795
v 5.621078 -1.540825 7.325531
v 6.703936 0.000001 6.703940
v 6.529161 1.540827 6.529164
v 6.051666 2.668789 6.051669
v 5.399395 3.081652 5.399398
v 4.747125 2.668789 4.747128
v 4.269630 1.540826 4.269633
v 4.094855 0.000000 4.094857
v 4.269630 -1.540826 4.269633
v 4.747125 -2.668788 4.747128
v 5.399395 -3.081651 5.399398
v 6.051666 -2.668788 6.051669
v 6.529161 -1.540825 6.529164
v 7.521622 0.000001 5.771549
v 7.325530 1.540827 5.621081
v 6.789793 2.668789 5.209996
v 6.057965 3.081652 4.648444
v 5.326137 2.668789 4.086892
v 4.790401 1.540826 3.675807
v 4.594309 0.000000 3.525340
v 4.790401 -1.540826 3.675807
v 5.326137 -2.668788 4.086892
v 6.057965 -3.081651 4.648444
v 6.789793 -2.668788 5.209996
v 7.325530 -1.540825 5.621081
v 8.210614 0.000001 4.740399
v 7.996559 1.540827 4.616815
v 7.411749 2.668789 4.279174
v 6.612884 3.081652 3.817950
v 5.814019 2.668789 3.356725
v 5.229209 1.540826 3.019085
v 5.015154 0.000000 2.895500
v 5.229209 -1.540826 3.019085
v 5.814019 -2.668788 3.356725
v 6.612884 -3.081651 3.817950
v 7.411749 -2.668788 4.279174
v 7.996559 -1.540825 4.616815
v 8.759116 0.000001 3.628146
v 8.530762 1.540826 3.533558
v 7.906884 2.668789 3.275140
v 7.054652 3.081652 2.922133
v 6.202420 2.668789 2.569127
v 5.578542 1.540826 2.310709
v 5.350187 0.000000 2.216120
v 5.578542 -1.540826 2.310708
v 6.202420 -2.668788 2.569127
v 7.054652 -3.081651 2.922133
v 7.906884 -2.668788 3.275140
v 8.530762 -1.540825 3.533558
v 9.157748 0.000001 2.453815
v 8.919002 1.540826 2.389843
v 8.266731 2.668789 2.215067
v 7.375713 3.081652 1.976319
v 6.484695 2.668789 1.737571
v 5.832424 1.540826 1.562796
v 5.593677 0.000000 1.498823
v 5.832424 -1.540826 1.562796
v 6.484695 -2.668788 1.737571
v 7.375713 -3.081651 1.976319
v 8.266731 -2.668788 2.215067
v 8.919002 -1.540825 2.389843
v 9.399690 0.000000 1.237497
v 9.154635 1.540826 1.205235
v 8.485132 2.668789 1.117093
v 7.570574 3.081652 0.996689
v 6.656015 2.668789 0.876284
v 5.986513 1.540826 0.788142
v 5.741457 0.000000 0.755880
v 5.986513 -1.540826 0.788142
v 6.656015 -2.668789 0.876285
v 7.570574 -3.081651 0.996689
v 8.485132 -2.668788 1.117093
v 9.154635 -1.540825 1.205235
v 9.480800 0.000000 0.000000
v 9.233630 1.540826 0.000000
v 8.558350 2.668789 0.000000
v 7.635900 3.081652 0.000000
v 6.713450 2.668789 0.000000
v 6.038170 1.540826 0.000000
v 5.791001 0.000000 0.000000
v 6.038170 -1.540826 0.000000
v 6.713451 -2.668789 0.000000
v 7.635900 -3.081652 0.000000
v 8.558351 -2.668788 0.000000
v 9.233630 -1.540826 0.000000
v 9.399691 0.000000 -1.237491
v 9.154635 1.540826 -1.205229
v 8.485132 2.668789 -1.117087
v 7.570574 3.081652 -0.996684
v 6.656016 2.668789 -0.876280
v 5.986514 1.540826 -0.788138
v 5.741458 0.000000 -0.755876
v 5.986514 -1.540826 -0.788138
v 6.656016 -2.668789 -0.876280
v 7.570574 -3.081652 -0.996684
v 8.485132 -2.668789 -1.117087
v 9.154635 -1.540826 -1.205229
v 9.157750 0.000000 -2.453809
v 8.919003 1.540826 -2.389837
v 8.266732 2.668789 -2.215061
v 7.375714 3.081652 -1.976314
v 6.484696 2.668789 -1.737567
v 5.832425 1.540826 -1.562792
v 5.593678 0.000000 -1.498819
v 5.832425 -1.540826 -1.562791
v 6.484696 -2.668789 -1.737567
v 7.375714 -3.081652 -1.976314
v 8.266732 -2.668789 -2.215061
v 8.919003 -1.540826 -2.389837
v 8.759116 0.000000 -3.628146
v 8.530762 1.540826 -3.533558
v 7.906884 2.668789 -3.275140
v 7.054652 3.081652 -2.922134
v 6.202419 2.668789 -2.569127
v 5.578542 1.540826 -2.310709
v 5.350187 0.000000 -2.216121
v 5.578542 -1.540826 -2.310709
v 6.202419 -2.668789 -2.569127
v 7.054652 -3.081652 -2.922133
v 7.906884 -2.668789 -3.275140
v 8.530762 -1.540826 -3.533558
v 8.210614 0.000000 -4.740400
v 7.996559 1.540826 -4.616815
v 7.411749 2.668789 -4.279174
v 6.612884 3.081652 -3.817950
v 5.814019 2.668789 -3.356725
v 5.229209 1.540826 -3.019085
v 5.015154 0.000000 -2.895500
v 5.229209 -1.540826 -3.019085
v 5.814019 -2.668789 -3.356725
v 6.612884 -3.081652 -3.817950
v 7.411749 -2.668789 -4.279174
v 7.996559 -1.540826 -4.616815
v 7.521626 0.000000 -5.771543
v 7.325533 1.540826 -5.621076
v 6.789797 2.668789 -5.209991
v 6.057969 3.081652 -4.648440
v 5.326140 2.668789 -4.086888
v 4.790403 1.540826 -3.675804
v 4.594310 0.000000 -3.525337
v 4.790403 -1.540826 -3.675804
v 5.326140 -2.668789 -4.086888
v 6.057969 -3.081652 -4.648440
v 6.789797 -2.668789 -5.209991
v 7.325533 -1.540826 -5.621076
v 6.703941 0.000000 -6.703936
v 6.529166 1.540826 -6.529160
v 6.051670 2.668789 -6.051665
v 5.399400 3.081652 -5.399395
v 4.747128 2.668789 -4.747125
v 4.269633 1.540826 -4.269629
v 4.094858 0.000000 -4.094854
v 4.269633 -1.540826 -4.269629
v 4.747128 -2.668789 -4.747125
v 5.399400 -3.081652 -5.399395
v 6.051670 -2.668789 -6.051665
v 6.529166 -1.540826 -6.529160
v 5.771545 -0.000000 -7.521625
v 5.621078 1.540826 -7.325531
v 5.209993 2.668789 -6.789795
v 4.648442 3.081652 -6.057967
v 4.086890 2.668789 -5.326138
v 3.675805 1.540826 -4.790403
v 3.525338 -0.000000 -4.594310
v 3.675805 -1.540826 -4.790403
v 4.086890 -2.668789 -5.326138
v 4.648441 -3.081652 -6.057967
v 5.209993 -2.668789 -6.789795
v 5.621078 -1.540826 -7.325531
v 4.740401 -0.000000 -8.210613
v 4.616816 1.540826 -7.996558
v 4.279176 2.668789 -7.411748
v 3.817951 3.081652 -6.612884
v 3.356726 2.668789 -5.814018
v 3.019086 1.540826 -5.229208
v 2.895501 -0.000000 -5.015153
v 3.019086 -1.540826 -5.229208
v 3.356726 -2.668789 -5.814018
v 3.817951 -3.081652 -6.612883
v 4.279176 -2.668789 -7.411748
v 4.616816 -1.540826 -7.996558
v 3.628148 -0.000000 -8.759116
v 3.533560 1.540826 -8.530762
v 3.275141 2.668789 -7.906883
v 2.922134 3.081652 -7.054652
v 2.569128 2.668789 -6.202419
v 2.310709 1.540826 -5.578542
v 2.216122 -0.000000 -5.350186
v 2.310709 -1.540826 -5.578542
v 2.569128 -2.668789 -6.202419
v 2.922135 -3.081652 -7.054652
v 3.275141 -2.668789 -7.906883
v 3.533560 -1.540826 -8.530762
v 2.453810 -0.000000 -9.157749
v 2.389838 1.540826 -8.919003
v 2.215063 2.668789 -8.266732
v 1.976315 3.081652 -7.375713
v 1.737568 2.668789 -6.484696
v 1.562793 1.540826 -5.832425
v 1.498820 -0.000000 -5.593677
v 1.562793 -1.540826 -5.832425
v 1.737568 -2.668789 -6.484696
v 1.976315 -3.081652 -7.375713
v 2.215063 -2.668789 -8.266732
v 2.389838 -1.540826 -8.919003
v 1.237492 -0.000000 -9.399691
v 1.205230 1.540826 -9.154635
v 1.117088 2.668789 -8.485132
v 0.996684 3.081652 -7.570575
v 0.876281 2.668789 -6.656016
v 0.788139 1.540826 -5.986513
v 0.755877 -0.000000 -5.741458
v 0.788139 -1.540826 -5.986513
v 0.876281 -2.668789 -6.656016
v 0.996685 -3.081652 -7.570574
v 1.117089 -2.668789 -8.485132
v 1.205230 -1.540826 -9.154635
vn -0.0646 0.1581 -0.9853
vn -0.0561 0.5128 -0.8566
vn -0.0268 0.9124 -0.4084
vn 0.0268 0.9124 0.4084
vn 0.0561 0.5128 0.8566
vn 0.0646 0.1581 0.9853
vn 0.0646 -0.1581 0.9853
vn 0.0561 -0.5128 0.8566
vn 0.0268 -0.9124 0.4084
vn -0.0268 -0.9124 -0.4084
vn -0.0561 -0.5128 -0.8566
vn -0.0646 -0.1581 -0.9853
vn -0.1926 0.1581 -0.9685
vn -0.1675 0.5128 -0.8420
vn -0.0798 0.9124 -0.4014
vn 0.0798 0.9124 0.4014
vn 0.1675 0.5128 0.8420
vn 0.1926 0.1581 0.9685
vn 0.1926 -0.1581 0.9685
vn 0.1675 -0.5128 0.8420
vn 0.0798 -0.9124 0.4014
vn -0.0798 -0.9124 -0.4014
vn -0.1675 -0.5128 -0.8420
vn -0.1926 -0.1581 -0.9685
vn -0.3174 0.1581 -0.9350
vn -0.2759 0.5128 -0.8129
vn -0.1315 0.9124 -0.3875
vn 0.1315 0.9124 0.3875
vn 0.2759 0.5128 0.8129
vn 0.3174 0.1581 0.9350
vn 0.3174 -0.1581 0.9350
vn 0.2759 -0.5128 0.8129
vn 0.1315 -0.9124 0.3875
vn -0.1315 -0.9124 -0.3875
vn -0.2760 -0.5128 -0.8129
vn -0.3174 -0.1581 -0.9350
vn -0.4367 0.1581 -0.8856
vn -0.3797 0.5128 -0.7699
vn -0.1810 0.9124 -0.3670
vn 0.1810 0.9124 0.3670
vn 0.3797 0.5128 0.7699
vn 0.4367 0.1581 0.8856
vn 0.4367 -0.1581 0.8856
vn 0.3797 -0.5128 0.7699
vn 0.1810 -0.9124 0.3670
vn -0.1810 -0.9124 -0.3670
vn -0.3797 -0.5128 -0.7699
vn -0.4367 -0.1581 -0.8856
vn -0.5486 0.1581 -0.8210
vn -0.4769 0.5128 -0.7138
vn -0.2274 0.9124 -0.3403
vn 0.2274 0.9124 0.3403
vn 0.4769 0.5128 0.7138
vn 0.5486 0.1581 0.8210
vn 0.5486 -0.1581 0.8210
vn 0.4769 -0.5128 0.7138
vn 0.2274 -0.9124 0.3403
vn -0.2274 -0.9124 -0.3403
vn -0.4769 -0.5128 -0.7138
vn -0.5486 -0.1581 -0.8210
vn -0.6511 0.1581 -0.7424
vn -0.5660 0.5128 -0.6454
vn -0.2698 0.9124 -0.3077
vn 0.2698 0.9124 0.3077
vn 0.5660 0.5128 0.6454
vn 0.6511 0.1581 0.7424
vn 0.6511 -0.1581 0.7424
vn 0.5660 -0.5128 0.6454
vn 0.2698 -0.9124 0.3077
vn -0.2698 -0.9124 -0.3077
vn -0.5660 -0.5128 -0.6454
vn -0.6511 -0.1581 -0.7424
vn -0.7424 0.1581 -0.6511
vn -0.6454 0.5128 -0.5660
vn -0.3077 0.9124 -0.2698
vn 0.3077 0.9124 0.2698
vn 0.6454 0.5128 0.5660
vn 0.7424 0.1581 0.6511
vn 0.7424 -0.1581 0.6511
vn 0.6454 -0.5128 0.5660
vn 0.3077 -0.9124 0.2698
vn -0.3077 -0.9124 -0.2698
vn -0.6454 -0.5128 -0.5660
vn -0.7424 -0.1581 -0.6511
vn -0.8210 0.1581 -0.5486
vn -0.7138 0.5128 -0.4769
vn -0.3403 0.9124 -0.2274
vn 0.3403 0.9124 0.2274
vn 0.7138 0.5128 0.4769
vn 0.8210 0.1581 0.5486
vn 0.8210 -0.1581 0.5486
vn 0.7138 -0.5128 0.4769
vn 0.3403 -0.9124 0.2274
vn -0.3403 -0.9124 -0.2274
vn -0.7138 -0.5128 -0.4769
vn -0.8210 -0.1581 -0.5486
vn -0.8856 0.1581 -0.4367
vn -0.7699 0.5128 -0.3797
vn -0.3670 0.9124 -0.1810
vn 0.3670 0.9124 0.1810
vn 0.7699 0.5128 0.3797
vn 0.8856 0.1581 0.4367
vn 0.8856 -0.1581 0.4367
vn 0.7699 -0.5128 0.3797
vn 0.3670 -0.9124 0.1810
vn -0.3670 -0.9124 -0.1810
vn -0.7699 -0.5128 -0.3797
vn -0.8856 -0.1581 -0.4367
vn -0.9350 0.1581 -0.3174
vn -0.8129 0.5128 -0.2759
vn -0.3875 0.9124 -0.1316
vn 0.3875 0.9124 0.1315
vn 0.8129 0.5128 0.2759
vn 0.9350 0.1581 0.3174
vn 0.9350 -0.1581 0.3174
vn 0.8129 -0.5128 0.2759
vn 0.3875 -0.9124 0.1315
vn -0.3875 -0.9124 -0.1315
vn -0.8129 -0.5128 -0.2759
vn -0.9350 -0.1581 -0.3174
vn -0.9685 0.1581 -0.1926
vn -0.8420 0.5128 -0.1675
vn -0.4014 0.9124 -0.0798
vn 0.4014 0.9124 0.0798
vn 0.8420 0.5128 0.1675
vn 0.9685 0.1581 0.1926
vn 0.9685 -0.1581 0.1926
vn 0.8420 -0.5128 0.1675
vn 0.4014 -0.9124 0.0798
vn -0.4014 -0.9124 -0.0798
vn -0.8420 -0.5128 -0.1675
vn -0.9685 -0.1581 -0.1926
vn -0.9853 0.1581 -0.0646
vn -0.8566 0.5128 -0.0561
vn -0.4084 0.9124 -0.0268
vn 0.4084 0.9124 0.0268
vn 0.8566 0.5128 0.0561
vn 0.9853 0.1581 0.0646
vn 0.9853 -0.1581 0.0646
vn 0.8566 -0.5128 0.0561
vn 0.4084 -0.9124 0.0268
vn -0.4084 -0.9124 -0.0268
vn -0.8566 -0.5128 -0.0561
vn -0.9853 -0.1581 -0.0646
vn -0.9853 0.1581 0.0646
vn -0.8566 0.5128 0.0561
vn -0.4084 0.9124 0.0268
vn 0.4084 0.9124 -0.0268
vn 0.8566 0.5128 -0.0561
vn 0.9853 0.1581 -0.0646
vn 0.9853 -0.1581 -0.0646
vn 0.8566 -0.5128 -0.0561
vn 0.4084 -0.9124 -0.0268
vn -0.4084 -0.9124 0.0268
vn -0.8566 -0.5128 0.0561
vn -0.9853 -0.1581 0.0646
vn -0.9685 0.1581 0.1926
vn -0.8420 0.5128 0.1675
vn -0.4014 0.9124 0.0798
vn 0.4014 0.9124 -0.0798
vn 0.8420 0.5128 -0.1675
vn 0.9685 0.1581 -0.1926
vn 0.9685 -0.1581 -0.1926
vn 0.8420 -0.5128 -0.1675
vn 0.4014 -0.9124 -0.0798
vn -0.4014 -0.9124 0.0798
vn -0.8420 -0.5128 0.1675
vn -0.9685 -0.1581 0.1926
vn -0.9350 0.1581 0.3174
vn -0.8129 0.5128 0.2759
vn -0.3875 0.9124 0.1315
vn 0.3875 0.9124 -0.1315
vn 0.8129 0.5128 -0.2759
vn 0.9350 0.1581 -0.3174
vn 0.9350 -0.1581 -0.3174
vn 0.8129 -0.5128 -0.2759
vn 0.3875 -0.9124 -0.1315
vn -0.3875 -0.9124 0.1315
vn -0.8129 -0.5128 0.2759
vn -0.9350 -0.1581 0.3174
vn -0.8856 0.1581 0.4367
vn -0.7699 0.5128 0.3797
vn -0.3670 0.9124 0.1810
vn 0.3670 0.9124 -0.1810
vn 0.7699 0.5128 -0.3797
vn 0.8856 0.1581 -0.4367
vn 0.8856 -0.1581 -0.4367
vn 0.7699 -0.5128 -0.3797
vn 0.3670 -0.9124 -0.1810
vn -0.3670 -0.9124 0.1810
vn -0.7699 -0.5128 0.3797
vn -0.8856 -0.1581 0.4367
vn -0.8210 0.1581 0.5486
vn -0.7138 0.5128 0.4769
vn -0.3403 0.9124 0.2274
vn 0.3403 0.9124 -0.2274
vn 0.7138 0.5128 -0.4769
vn 0.8210 0.1581 -0.5486
vn 0.8210 -0.1581 -0.5486
vn 0.7138 -0.5128 -0.4769
vn 0.3403 -0.9124 -0.2274
vn -0.3403 -0.9124 0.2274
vn -0.7138 -0.5128 0.4769
vn -0.8210 -0.1581 0.5486
vn -0.7424 0.1581 0.6511
vn -0.6454 0.5128 0.5660
vn -0.3077 0.9124 0.2698
vn 0.3077 0.9124 -0.2698
vn 0.6454 0.5128 -0.5660
vn 0.7424 0.1581 -0.6511
vn 0.7424 -0.1581 -0.6511
vn 0.6454 -0.5128 -0.5660
vn 0.3077 -0.9124 -0.2698
vn -0.3077 -0.9124 0.2698
vn -0.6454 -0.5128 0.5660
vn -0.7424 -0.1581 0.6511
vn -0.6511 0.1581 0.7424
vn -0.5660 0.5128 0.6454
vn -0.2698 0.9124 0.3077
vn 0.2698 0.9124 -0.3077
vn 0.5660 0.5128 -0.6454
vn 0.6511 0.1581 -0.7424
vn 0.6511 -0.1581 -0.7424
vn 0.5660 -0.5128 -0.6454
vn 0.2698 -0.9124 -0.3077
vn -0.2698 -0.9124 0.3077
vn -0.5660 -0.5128 0.6454
vn -0.6511 -0.1581 0.7424
vn -0.5486 0.1581 0.8210
vn -0.4769 0.5128 0.7138
vn -0.2274 0.9124 0.3403
vn 0.2274 0.9124 -0.3403
vn 0.4769 0.5128 -0.7138
vn 0.5486 0.1581 -0.8210
vn 0.5486 -0.1581 -0.8210
vn 0.4769 -0.5128 -0.7138
vn 0.2274 -0.9124 -0.3403
vn -0.2274 -0.9124 0.3403
vn -0.4769 -0.5128 0.7138
vn -0.5486 -0.1581 0.8210
vn -0.4367 0.1581 0.8856
vn -0.3797 0.5128 0.7699
vn -0.1810 0.9124 0.3670
vn 0.1810 0.9124 -0.3670
vn 0.3797 0.5128 -0.7699
vn 0.4367 0.1581 -0.8856
vn 0.4367 -0.1581 -0.8856
vn 0.3797 -0.5128 -0.7699
vn 0.1810 -0.9124 -0.3670
vn -0.1810 -0.9124 0.3670
vn -0.3797 -0.5128 0.7699
vn -0.4367 -0.1581 0.8856
vn -0.3174 0.1581 0.9350
vn -0.2759 0.5128 0.8129
vn -0.1315 0.9124 0.3875
vn 0.1315 0.9124 -0.3875
vn 0.2759 0.5128 -0.8129
vn 0.3174 0.1581 -0.9350
vn 0.3174 -0.1581 -0.9350
vn 0.2759 -0.5128 -0.8129
vn 0.1315 -0.9124 -0.3875
vn -0.1315 -0.9124 0.3875
vn -0.2759 -0.5128 0.8129
vn -0.3174 -0.1581 0.9350
vn -0.1926 0.1581 0.9685
vn -0.1675 0.5128 0.8420
vn -0.0798 0.9124 0.4014
vn 0.0798 0.9124 -0.4014
vn 0.1675 0.5128 -0.8420
vn 0.1926 0.1581 -0.9685
vn 0.1926 -0.1581 -0.9685
vn 0.1675 -0.5128 -0.8420
vn 0.0798 -0.9124 -0.4014
vn -0.0798 -0.9124 0.4014
vn -0.1675 -0.5128 0.8420
vn -0.1926 -0.1581 0.9685
vn -0.0646 0.1581 0.9853
vn -0.0561 0.5128 0.8566
vn -0.0268 0.9124 0.4084
vn 0.0268 0.9124 -0.4084
vn 0.0561 0.5128 -0.8566
vn 0.0646 0.1581 -0.9853
vn 0.0646 -0.1581 -0.9853
vn 0.0561 -0.5128 -0.8566
vn 0.0268 -0.9124 -0.4084
vn -0.0268 -0.9124 0.4084
vn -0.0561 -0.5128 0.8566
vn -0.0646 -0.1581 0.9853
vn -0.2759 -0.5128 -0.8129
vn -0.3875 0.9124 -0.1315
vn 0.2760 0.5128 -0.8129
vn 0.1316 0.9124 -0.3875
vn 0.1316 -0.9124 -0.3875
vn 0.2760 -0.5128 -0.8129
vn -0.1316 0.9124 -0.3875
vn -0.1316 -0.9124 -0.3875
vt 0.520833 0.500000
vt 0.500000 0.583333
vt 0.500000 0.500000
vt 0.520833 0.583333
vt 0.500000 0.666667
vt 0.520833 0.666667
vt 0.500000 0.750000
vt 0.520833 0.750000
vt 0.500000 0.833333
vt 0.520833 0.833333
vt 0.500000 0.916667
vt 0.520833 0.916667
vt 0.500000 1.000000
vt 0.500000 0.000000
vt 0.520833 0.083333
vt 0.500000 0.083333
vt 0.520833 0.166667
vt 0.500000 0.166667
vt 0.500000 0.250000
vt 0.520833 0.333333
vt 0.500000 0.333333
vt 0.520833 0.416667
vt 0.500000 0.416667
vt 0.541667 0.500000
vt 0.541667 0.583333
vt 0.541667 0.750000
vt 0.541667 0.833333
vt 0.541667 0.916667
vt 0.520833 1.000000
vt 0.541667 0.000000
vt 0.520833 0.000000
vt 0.541667 0.083333
vt 0.541667 0.250000
vt 0.520833 0.250000
vt 0.541667 0.333333
vt 0.562500 0.583333
vt 0.541667 0.666667
vt 0.562500 0.750000
vt 0.562500 0.833333
vt 0.562500 0.916667
vt 0.541667 1.000000
vt 0.562500 0.000000
vt 0.562500 0.083333
vt 0.541667 0.166667
vt 0.562500 0.166667
vt 0.562500 0.250000
vt 0.562500 0.333333
vt 0.541667 0.416667
vt 0.562500 0.416667
vt 0.583333 0.500000
vt 0.562500 0.500000
vt 0.583333 0.583333
vt 0.562500 0.666667
vt 0.583333 0.750000
vt 0.583333 0.833333
vt 0.583333 0.916667
vt 0.562500 1.000000
vt 0.583333 0.000000
vt 0.583333 0.083333
vt 0.583333 0.250000
vt 0.583333 0.333333
vt 0.583333 0.416667
vt 0.604167 0.500000
vt 0.604167 0.666667
vt 0.583333 0.666667
vt 0.604167 0.750000
vt 0.604167 0.833333
vt 0.604167 0.916667
vt 0.583333 1.000000
vt 0.604167 0.000000
vt 0.604167 0.166667
vt 0.583333 0.166667
vt 0.604167 0.250000
vt 0.604167 0.333333
vt 0.604167 0.416667
vt 0.625000 0.500000
vt 0.604167 0.583333
vt 0.625000 0.583333
vt 0.625000 0.666667
vt 0.625000 0.750000
vt 0.625000 0.916667
vt 0.604167 1.000000
vt 0.625000 0.000000
vt 0.604167 0.083333
vt 0.625000 0.083333
vt 0.625000 0.166667
vt 0.625000 0.250000
vt 0.625000 0.416667
vt 0.645833 0.583333
vt 0.645833 0.666667
vt 0.645833 0.750000
vt 0.625000 0.833333
vt 0.645833 0.916667
vt 0.625000 1.000000
vt 0.645833 0.083333
vt 0.645833 0.250000
vt 0.625000 0.333333
vt 0.645833 0.333333
vt 0.645833 0.416667
vt 0.666667 0.500000
vt 0.645833 0.500000
vt 0.666667 0.666667
vt 0.666667 0.750000
vt 0.645833 0.833333
vt 0.666667 0.916667
vt 0.645833 1.000000
vt 0.666667 0.000000
vt 0.645833 0.000000
vt 0.666667 0.083333
vt 0.645833 0.166667
vt 0.666667 0.166667
vt 0.666667 0.250000
vt 0.666667 0.333333
vt 0.666667 0.416667
vt 0.687500 0.500000
vt 0.666667 0.583333
vt 0.687500 0.583333
vt 0.687500 0.666667
vt 0.687500 0.750000
vt 0.666667 0.833333
vt 0.687500 0.833333
vt 0.687500 0.916667
vt 0.666667 1.000000
vt 0.687500 0.000000
vt 0.687500 0.083333
vt 0.687500 0.250000
vt 0.687500 0.333333
vt 0.687500 0.416667
vt 0.708333 0.500000
vt 0.708333 0.583333
vt 0.708333 0.666667
vt 0.708333 0.750000
vt 0.708333 0.833333
vt 0.708333 0.916667
vt 0.687500 1.000000
vt 0.708333 0.083333
vt 0.687500 0.166667
vt 0.708333 0.166667
vt 0.708333 0.333333
vt 0.708333 0.416667
vt 0.729167 0.583333
vt 0.729167 0.666667
vt 0.729167 0.750000
vt 0.729167 0.916667
vt 0.708333 1.000000
vt 0.729167 0.000000
vt 0.708333 0.000000
vt 0.729167 0.083333
vt 0.729167 0.166667
vt 0.708333 0.250000
vt 0.729167 0.333333
vt 0.729167 0.416667
vt 0.729167 0.500000
vt 0.750000 0.583333
vt 0.750000 0.750000
vt 0.729167 0.833333
vt 0.750000 0.833333
vt 0.750000 0.916667
vt 0.729167 1.000000
vt 0.750000 0.000000
vt 0.750000 0.083333
vt 0.750000 0.250000
vt 0.729167 0.250000
vt 0.750000 0.333333
vt 0.750000 0.416667
vt 0.770833 0.500000
vt 0.750000 0.500000
vt 0.770833 0.583333
vt 0.750000 0.666667
vt 0.770833 0.666667
vt 0.770833 0.750000
vt 0.770833 0.916667
vt 0.770833 1.000000
vt 0.750000 1.000000
vt 0.770833 0.083333
vt 0.750000 0.166667
vt 0.770833 0.250000
vt 0.770833 0.416667
vt 0.791667 0.583333
vt 0.791667 0.666667
vt 0.791667 0.833333
vt 0.770833 0.833333
vt 0.791667 0.916667
vt 0.791667 0.000000
vt 0.770833 0.000000
vt 0.791667 0.083333
vt 0.770833 0.166667
vt 0.791667 0.166667
vt 0.791667 0.250000
vt 0.770833 0.333333
vt 0.791667 0.333333
vt 0.791667 0.416667
vt 0.791667 0.500000
vt 0.812500 0.583333
vt 0.812500 0.666667
vt 0.791667 0.750000
vt 0.812500 0.833333
vt 0.812500 0.916667
vt 0.791667 1.000000
vt 0.812500 0.000000
vt 0.812500 0.083333
vt 0.812500 0.166667
vt 0.812500 0.250000
vt 0.812500 0.416667
vt 0.833333 0.500000
vt 0.812500 0.500000
vt 0.833333 0.583333
vt 0.833333 0.750000
vt 0.812500 0.750000
vt 0.833333 0.833333
vt 0.833333 0.916667
vt 0.812500 1.000000
vt 0.833333 0.000000
vt 0.833333 0.083333
vt 0.833333 0.166667
vt 0.833333 0.250000
vt 0.812500 0.333333
vt 0.833333 0.416667
vt 0.854167 0.500000
vt 0.854167 0.583333
vt 0.833333 0.666667
vt 0.854167 0.666667
vt 0.854167 0.750000
vt 0.854167 0.916667
vt 0.833333 1.000000
vt 0.854167 0.083333
vt 0.854167 0.250000
vt 0.854167 0.333333
vt 0.833333 0.333333
vt 0.854167 0.416667
vt 0.875000 0.500000
vt 0.875000 0.583333
vt 0.875000 0.750000
vt 0.854167 0.833333
vt 0.875000 0.916667
vt 0.854167 1.000000
vt 0.854167 0.000000
vt 0.875000 0.083333
vt 0.854167 0.166667
vt 0.875000 0.166667
vt 0.875000 0.250000
vt 0.875000 0.333333
vt 0.895833 0.583333
vt 0.875000 0.666667
vt 0.895833 0.750000
vt 0.875000 0.833333
vt 0.895833 0.833333
vt 0.895833 0.916667
vt 0.875000 1.000000
vt 0.895833 0.000000
vt 0.875000 0.000000
vt 0.895833 0.083333
vt 0.895833 0.250000
vt 0.895833 0.416667
vt 0.875000 0.416667
vt 0.916667 0.500000
vt 0.895833 0.500000
vt 0.916667 0.583333
vt 0.895833 0.666667
vt 0.916667 0.750000
vt 0.916667 0.833333
vt 0.916667 0.916667
vt 0.895833 1.000000
vt 0.916667 0.000000
vt 0.916667 0.083333
vt 0.895833 0.166667
vt 0.916667 0.166667
vt 0.916667 0.250000
vt 0.895833 0.333333
vt 0.916667 0.416667
vt 0.937500 0.500000
vt 0.937500 0.583333
vt 0.916667 0.666667
vt 0.937500 0.750000
vt 0.937500 0.833333
vt 0.937500 1.000000
vt 0.916667 1.000000
vt 0.937500 0.000000
vt 0.937500 0.083333
vt 0.937500 0.250000
vt 0.916667 0.333333
vt 0.937500 0.416667
vt 0.958333 0.500000
vt 0.958333 0.666667
vt 0.937500 0.666667
vt 0.958333 0.750000
vt 0.958333 0.833333
vt 0.958333 0.916667
vt 0.937500 0.916667
vt 0.958333 0.000000
vt 0.958333 0.083333
vt 0.937500 0.166667
vt 0.958333 0.166667
vt 0.958333 0.250000
vt 0.937500 0.333333
vt 0.958333 0.333333
vt 0.979167 0.500000
vt 0.958333 0.583333
vt 0.979167 0.583333
vt 0.979167 0.666667
vt 0.979167 0.833333
vt 0.979167 0.916667
vt 0.958333 1.000000
vt 0.979167 0.083333
vt 0.979167 0.166667
vt 0.979167 0.333333
vt 0.958333 0.416667
vt 1.000000 0.583333
vt 1.000000 0.666667
vt 0.979167 0.750000
vt 1.000000 0.750000
vt 1.000000 0.833333
vt 1.000000 1.000000
vt 0.979167 1.000000
vt 1.000000 0.000000
vt 0.979167 0.000000
vt 1.000000 0.083333
vt 1.000000 0.250000
vt 0.979167 0.250000
vt 1.000000 0.333333
vt 0.979167 0.416667
vt 1.000000 0.416667
vt 0.000000 0.500000
vt 0.020833 0.583333
vt 0.000000 0.583333
vt 0.020833 0.666667
vt 0.000000 0.666667
vt 0.020833 0.750000
vt 0.000000 0.750000
vt 0.000000 0.833333
vt 0.020833 0.916667
vt 0.000000 0.916667
vt 0.000000 1.000000
vt 0.020833 0.000000
vt 0.000000 0.083333
vt 0.000000 0.000000
vt 0.020833 0.083333
vt 0.000000 0.166667
vt 0.020833 0.166667
vt 0.000000 0.250000
vt 0.020833 0.333333
vt 0.000000 0.333333
vt 0.000000 0.416667
vt 0.020833 0.416667
vt 0.020833 0.500000
vt 0.041667 0.583333
vt 0.041667 0.666667
vt 0.041667 0.833333
vt 0.020833 0.833333
vt 0.041667 0.916667
vt 0.020833 1.000000
vt 0.041667 0.083333
vt 0.041667 0.166667
vt 0.020833 0.250000
vt 0.041667 0.333333
vt 0.041667 0.416667
vt 0.062500 0.500000
vt 0.041667 0.500000
vt 0.062500 0.666667
vt 0.041667 0.750000
vt 0.062500 0.833333
vt 0.062500 0.916667
vt 0.041667 1.000000
vt 0.062500 0.000000
vt 0.041667 0.000000
vt 0.062500 0.083333
vt 0.062500 0.166667
vt 0.041667 0.250000
vt 0.062500 0.250000
vt 0.062500 0.333333
vt 0.083333 0.500000
vt 0.062500 0.583333
vt 0.083333 0.583333
vt 0.083333 0.666667
vt 0.062500 0.750000
vt 0.083333 0.750000
vt 0.083333 0.833333
vt 0.083333 0.916667
vt 0.062500 1.000000
vt 0.083333 0.000000
vt 0.083333 0.083333
vt 0.083333 0.250000
vt 0.083333 0.333333
vt 0.083333 0.416667
vt 0.062500 0.416667
vt 0.104167 0.583333
vt 0.104167 0.666667
vt 0.104167 0.833333
vt 0.104167 1.000000
vt 0.083333 1.000000
vt 0.104167 0.000000
vt 0.104167 0.083333
vt 0.083333 0.166667
vt 0.104167 0.166667
vt 0.104167 0.333333
vt 0.104167 0.416667
vt 0.125000 0.500000
vt 0.104167 0.500000
vt 0.125000 0.583333
vt 0.125000 0.666667
vt 0.104167 0.750000
vt 0.125000 0.833333
vt 0.104167 0.916667
vt 0.125000 1.000000
vt 0.125000 0.083333
vt 0.125000 0.166667
vt 0.104167 0.250000
vt 0.125000 0.250000
vt 0.125000 0.416667
vt 0.145833 0.583333
vt 0.145833 0.750000
vt 0.125000 0.750000
vt 0.145833 0.833333
vt 0.125000 0.916667
vt 0.145833 0.916667
vt 0.125000 0.000000
vt 0.145833 0.083333
vt 0.145833 0.166667
vt 0.145833 0.250000
vt 0.125000 0.333333
vt 0.145833 0.416667
vt 0.166667 0.500000
vt 0.145833 0.500000
vt 0.166667 0.583333
vt 0.145833 0.666667
vt 0.166667 0.750000
vt 0.166667 0.916667
vt 0.145833 1.000000
vt 0.166667 0.000000
vt 0.145833 0.000000
vt 0.166667 0.083333
vt 0.166667 0.166667
vt 0.166667 0.250000
vt 0.145833 0.333333
vt 0.166667 0.333333
vt 0.187500 0.500000
vt 0.187500 0.583333
vt 0.166667 0.666667
vt 0.187500 0.750000
vt 0.187500 0.833333
vt 0.166667 0.833333
vt 0.187500 0.916667
vt 0.166667 1.000000
vt 0.187500 0.083333
vt 0.187500 0.166667
vt 0.187500 0.250000
vt 0.187500 0.333333
vt 0.166667 0.416667
vt 0.208333 0.500000
vt 0.208333 0.583333
vt 0.187500 0.666667
vt 0.208333 0.666667
vt 0.208333 0.750000
vt 0.208333 0.833333
vt 0.208333 0.916667
vt 0.187500 1.000000
vt 0.208333 0.000000
vt 0.187500 0.000000
vt 0.208333 0.166667
vt 0.208333 0.250000
vt 0.208333 0.333333
vt 0.187500 0.416667
vt 0.229167 0.500000
vt 0.229167 0.666667
vt 0.229167 0.750000
vt 0.229167 0.833333
vt 0.229167 0.916667
vt 0.208333 1.000000
vt 0.229167 0.083333
vt 0.208333 0.083333
vt 0.229167 0.166667
vt 0.229167 0.250000
vt 0.229167 0.333333
vt 0.208333 0.416667
vt 0.229167 0.416667
vt 0.250000 0.500000
vt 0.229167 0.583333
vt 0.250000 0.583333
vt 0.250000 0.666667
vt 0.250000 0.750000
vt 0.250000 0.833333
vt 0.250000 0.916667
vt 0.229167 1.000000
vt 0.250000 0.000000
vt 0.229167 0.000000
vt 0.250000 0.083333
vt 0.250000 0.166667
vt 0.250000 0.250000
vt 0.250000 0.416667
vt 0.270833 0.500000
vt 0.270833 0.583333
vt 0.270833 0.666667
vt 0.270833 0.750000
vt 0.270833 0.916667
vt 0.250000 1.000000
vt 0.270833 0.083333
vt 0.270833 0.166667
vt 0.270833 0.250000
vt 0.270833 0.333333
vt 0.250000 0.333333
vt 0.270833 0.416667
vt 0.291667 0.500000
vt 0.291667 0.666667
vt 0.291667 0.750000
vt 0.270833 0.833333
vt 0.291667 0.833333
vt 0.291667 0.916667
vt 0.270833 1.000000
vt 0.291667 0.000000
vt 0.270833 0.000000
vt 0.291667 0.166667
vt 0.291667 0.250000
vt 0.291667 0.333333
vt 0.291667 0.416667
vt 0.312500 0.500000
vt 0.291667 0.583333
vt 0.312500 0.583333
vt 0.312500 0.750000
vt 0.312500 0.833333
vt 0.312500 1.000000
vt 0.291667 1.000000
vt 0.312500 0.000000
vt 0.291667 0.083333
vt 0.312500 0.083333
vt 0.312500 0.166667
vt 0.312500 0.250000
vt 0.312500 0.416667
vt 0.333333 0.583333
vt 0.333333 0.666667
vt 0.312500 0.666667
vt 0.333333 0.750000
vt 0.333333 0.916667
vt 0.312500 0.916667
vt 0.333333 0.000000
vt 0.333333 0.083333
vt 0.333333 0.250000
vt 0.333333 0.333333
vt 0.312500 0.333333
vt 0.333333 0.416667
vt 0.333333 0.500000
vt 0.354167 0.583333
vt 0.354167 0.666667
vt 0.354167 0.750000
vt 0.333333 0.833333
vt 0.354167 0.833333
vt 0.354167 0.916667
vt 0.333333 1.000000
vt 0.354167 0.000000
vt 0.354167 0.083333
vt 0.333333 0.166667
vt 0.354167 0.166667
vt 0.354167 0.250000
vt 0.354167 0.333333
vt 0.354167 0.416667
vt 0.375000 0.500000
vt 0.354167 0.500000
vt 0.375000 0.583333
vt 0.375000 0.750000
vt 0.375000 0.833333
vt 0.375000 0.916667
vt 0.354167 1.000000
vt 0.375000 0.083333
vt 0.375000 0.166667
vt 0.375000 0.250000
vt 0.375000 0.333333
vt 0.375000 0.416667
vt 0.395833 0.583333
vt 0.375000 0.666667
vt 0.395833 0.666667
vt 0.395833 0.833333
vt 0.395833 0.916667
vt 0.375000 1.000000
vt 0.395833 0.000000
vt 0.375000 0.000000
vt 0.395833 0.166667
vt 0.395833 0.333333
vt 0.395833 0.416667
vt 0.416667 0.500000
vt 0.395833 0.500000
vt 0.416667 0.666667
vt 0.395833 0.750000
vt 0.416667 0.750000
vt 0.416667 0.833333
vt 0.416667 1.000000
vt 0.395833 1.000000
vt 0.416667 0.000000
vt 0.395833 0.083333
vt 0.416667 0.166667
vt 0.395833 0.250000
vt 0.416667 0.250000
vt 0.416667 0.333333
vt 0.437500 0.500000
vt 0.416667 0.583333
vt 0.437500 0.666667
vt 0.437500 0.833333
vt 0.437500 0.916667
vt 0.416667 0.916667
vt 0.437500 0.000000
vt 0.416667 0.083333
vt 0.437500 0.166667
vt 0.437500 0.333333
vt 0.416667 0.416667
vt 0.437500 0.416667
vt 0.458333 0.500000
vt 0.437500 0.583333
vt 0.458333 0.666667
vt 0.437500 0.750000
vt 0.458333 0.750000
vt 0.458333 0.833333
vt 0.458333 0.916667
vt 0.437500 1.000000
vt 0.458333 0.000000
vt 0.437500 0.083333
vt 0.458333 0.166667
vt 0.437500 0.250000
vt 0.458333 0.333333
vt 0.479167 0.500000
vt 0.458333 0.583333
vt 0.479167 0.583333
vt 0.479167 0.750000
vt 0.479167 0.833333
vt 0.479167 0.916667
vt 0.458333 1.000000
vt 0.479167 0.000000
vt 0.458333 0.083333
vt 0.479167 0.083333
vt 0.479167 0.166667
vt 0.458333 0.250000
vt 0.479167 0.250000
vt 0.479167 0.416667
vt 0.458333 0.416667
vt 0.479167 0.666667
vt 0.479167 1.000000
vt 0.479167 0.333333
vt 1.000000 0.500000
vt 1.000000 0.916667
vt 1.000000 0.166667
s 0
f 589/638/297 578/639/297 577/640/297
f 590/641/298 579/642/298 578/639/298
f 591/643/299 580/644/299 579/642/299
f 592/645/300 581/646/300 580/644/300
f 593/647/301 582/648/301 581/646/301
f 594/649/302 583/650/302 582/648/302
f 583/651/303 596/652/303 584/653/303
f 584/653/304 597/654/304 585/655/304
f 597/654/305 586/656/305 585/655/305
f 586/656/306 599/657/306 587/658/306
f 587/658/307 600/659/307 588/660/307
f 600/659/308 577/640/308 588/660/308
f 601/661/309 590/641/309 589/638/309
f 602/662/310 591/643/310 590/641/310
f 591/643/311 604/663/311 592/645/311
f 604/663/312 593/647/312 592/645/312
f 605/664/313 594/649/313 593/647/313
f 606/665/314 595/666/314 594/649/314
f 607/667/315 596/652/315 595/668/315
f 608/669/316 597/654/316 596/652/316
f 597/654/317 610/670/317 598/671/317
f 610/670/318 599/657/318 598/671/318
f 611/672/319 600/659/319 599/657/319
f 600/659/320 601/661/320 589/638/320
f 601/661/321 614/673/321 602/662/321
f 614/673/322 603/674/322 602/662/322
f 603/674/323 616/675/323 604/663/323
f 604/663/324 617/676/324 605/664/324
f 605/664/325 618/677/325 606/665/325
f 618/677/326 607/678/326 606/665/326
f 619/679/327 608/669/327 607/667/327
f 620/680/328 609/681/328 608/669/328
f 621/682/329 610/670/329 609/681/329
f 622/683/330 611/672/330 610/670/330
f 623/684/331 612/685/331 611/672/331
f 624/686/332 601/661/332 612/685/332
f 625/687/333 614/673/333 613/688/333
f 626/689/334 615/690/334 614/673/334
f 615/690/335 628/691/335 616/675/335
f 628/691/336 617/676/336 616/675/336
f 629/692/337 618/677/337 617/676/337
f 630/693/338 619/694/338 618/677/338
f 631/695/339 620/680/339 619/679/339
f 632/696/340 621/682/340 620/680/340
f 621/682/341 634/697/341 622/683/341
f 634/697/342 623/684/342 622/683/342
f 635/698/343 624/686/343 623/684/343
f 636/699/344 613/688/344 624/686/344
f 637/700/345 626/689/345 625/687/345
f 626/689/346 639/701/346 627/702/346
f 627/702/347 640/703/347 628/691/347
f 640/703/348 629/692/348 628/691/348
f 641/704/349 630/693/349 629/692/349
f 642/705/350 631/706/350 630/693/350
f 643/707/351 632/696/351 631/695/351
f 632/696/352 645/708/352 633/709/352
f 633/709/353 646/710/353 634/697/353
f 646/710/354 635/698/354 634/697/354
f 647/711/355 636/699/355 635/698/355
f 648/712/356 625/687/356 636/699/356
f 649/713/357 638/714/357 637/700/357
f 650/715/358 639/701/358 638/714/358
f 651/716/359 640/703/359 639/701/359
f 652/717/360 641/704/360 640/703/360
f 641/704/361 654/718/361 642/705/361
f 654/718/362 643/719/362 642/705/362
f 655/720/363 644/721/363 643/707/363
f 656/722/364 645/708/364 644/721/364
f 657/723/365 646/710/365 645/708/365
f 658/724/366 647/711/366 646/710/366
f 647/711/367 660/725/367 648/712/367
f 660/725/368 637/700/368 648/712/368
f 649/713/369 662/726/369 650/715/369
f 662/726/370 651/716/370 650/715/370
f 663/727/371 652/717/371 651/716/371
f 664/728/372 653/729/372 652/717/372
f 653/729/373 666/730/373 654/718/373
f 666/730/374 655/731/374 654/718/374
f 655/720/375 668/732/375 656/722/375
f 668/732/376 657/723/376 656/722/376
f 657/723/377 670/733/377 658/724/377
f 670/733/378 659/734/378 658/724/378
f 671/735/379 660/725/379 659/734/379
f 672/736/380 649/713/380 660/725/380
f 673/737/381 662/726/381 661/738/381
f 662/726/382 675/739/382 663/727/382
f 663/727/383 676/740/383 664/728/383
f 676/740/384 665/741/384 664/728/384
f 665/741/385 678/742/385 666/730/385
f 678/742/386 667/743/386 666/730/386
f 679/744/387 668/732/387 667/745/387
f 680/746/388 669/747/388 668/732/388
f 681/748/389 670/733/389 669/747/389
f 682/749/390 671/735/390 670/733/390
f 683/750/391 672/736/391 671/735/391
f 684/751/392 661/738/392 672/736/392
f 685/752/393 674/753/393 673/737/393
f 686/754/394 675/739/394 674/753/394
f 687/755/395 676/740/395 675/739/395
f 688/756/396 677/757/396 676/740/396
f 689/758/397 678/742/397 677/757/397
f 690/759/398 679/760/398 678/742/398
f 691/761/399 680/746/399 679/744/399
f 692/762/400 681/748/400 680/746/400
f 681/748/401 694/763/401 682/749/401
f 694/763/402 683/750/402 682/749/402
f 695/764/403 684/751/403 683/750/403
f 696/765/404 673/737/404 684/751/404
f 697/766/405 686/754/405 685/752/405
f 698/767/406 687/755/406 686/754/406
f 699/768/407 688/756/407 687/755/407
f 700/769/408 689/758/408 688/756/408
f 701/770/409 690/759/409 689/758/409
f 702/771/410 691/772/410 690/759/410
f 691/761/411 704/773/411 692/762/411
f 704/773/412 693/774/412 692/762/412
f 705/775/413 694/763/413 693/774/413
f 694/763/414 707/776/414 695/764/414
f 695/764/415 708/777/415 696/765/415
f 696/765/416 697/766/416 685/752/416
f 697/766/417 710/778/417 698/767/417
f 710/778/418 699/768/418 698/767/418
f 711/779/419 700/769/419 699/768/419
f 712/780/420 701/770/420 700/769/420
f 701/770/421 714/781/421 702/771/421
f 714/781/422 703/782/422 702/771/422
f 715/783/423 704/773/423 703/784/423
f 716/785/424 705/775/424 704/773/424
f 717/786/425 706/787/425 705/775/425
f 706/787/426 719/788/426 707/776/426
f 719/788/427 708/777/427 707/776/427
f 720/789/428 697/766/428 708/777/428
f 709/790/429 722/791/429 710/778/429
f 722/791/430 711/779/430 710/778/430
f 711/779/431 724/792/431 712/780/431
f 724/792/432 713/793/432 712/780/432
f 725/794/433 714/781/433 713/793/433
f 726/795/434 715/796/434 714/781/434
f 727/797/435 716/785/435 715/783/435
f 728/798/436 717/786/436 716/785/436
f 717/786/437 730/799/437 718/800/437
f 730/799/438 719/788/438 718/800/438
f 731/801/439 720/789/439 719/788/439
f 732/802/440 709/790/440 720/789/440
f 733/803/441 722/791/441 721/804/441
f 734/805/442 723/806/442 722/791/442
f 735/807/443 724/792/443 723/806/443
f 736/808/444 725/794/444 724/792/444
f 725/794/445 738/809/445 726/795/445
f 726/795/446 739/810/446 727/811/446
f 727/797/447 740/812/447 728/798/447
f 740/812/448 729/813/448 728/798/448
f 729/813/449 742/814/449 730/799/449
f 742/814/450 731/801/450 730/799/450
f 731/801/451 744/815/451 732/802/451
f 744/815/452 721/804/452 732/802/452
f 733/803/453 746/816/453 734/805/453
f 746/816/454 735/807/454 734/805/454
f 747/817/455 736/808/455 735/807/455
f 736/808/456 749/818/456 737/819/456
f 749/818/457 738/809/457 737/819/457
f 750/820/458 739/810/458 738/809/458
f 751/821/459 740/812/459 739/822/459
f 752/823/460 741/824/460 740/812/460
f 753/825/461 742/814/461 741/824/461
f 754/826/462 743/827/462 742/814/462
f 755/828/463 744/815/463 743/827/463
f 756/829/464 733/803/464 744/815/464
f 745/830/465 758/831/465 746/816/465
f 758/831/466 747/817/466 746/816/466
f 759/832/467 748/833/467 747/817/467
f 748/833/468 761/834/468 749/818/468
f 761/834/469 750/820/469 749/818/469
f 762/835/470 751/836/470 750/820/470
f 763/837/471 752/823/471 751/821/471
f 764/838/472 753/825/472 752/823/472
f 765/839/473 754/826/473 753/825/473
f 766/840/474 755/828/474 754/826/474
f 755/828/475 768/841/475 756/829/475
f 768/841/476 745/830/476 756/829/476
f 769/842/477 758/831/477 757/843/477
f 770/844/478 759/832/478 758/831/478
f 759/832/479 772/845/479 760/846/479
f 772/845/480 761/834/480 760/846/480
f 773/847/481 762/835/481 761/834/481
f 774/848/482 763/849/482 762/835/482
f 775/850/483 764/838/483 763/837/483
f 776/851/484 765/839/484 764/838/484
f 777/852/485 766/840/485 765/839/485
f 778/853/486 767/854/486 766/840/486
f 767/854/487 780/855/487 768/841/487
f 780/855/488 757/843/488 768/841/488
f 781/856/489 770/844/489 769/842/489
f 782/857/490 771/858/490 770/844/490
f 783/859/491 772/845/491 771/858/491
f 784/860/492 773/847/492 772/845/492
f 773/847/493 786/861/493 774/848/493
f 786/861/494 775/862/494 774/848/494
f 775/850/495 788/863/495 776/851/495
f 788/863/496 777/852/496 776/851/496
f 777/852/497 790/864/497 778/853/497
f 778/853/498 791/865/498 779/866/498
f 779/866/499 792/867/499 780/855/499
f 792/867/500 769/842/500 780/855/500
f 793/868/501 782/857/501 781/856/501
f 794/869/502 783/859/502 782/857/502
f 783/859/503 796/870/503 784/860/503
f 796/870/504 785/871/504 784/860/504
f 785/871/505 798/872/505 786/861/505
f 798/872/506 787/873/506 786/861/506
f 787/874/507 800/875/507 788/863/507
f 800/875/508 789/876/508 788/863/508
f 801/877/509 790/864/509 789/876/509
f 802/878/510 791/865/510 790/864/510
f 803/879/511 792/867/511 791/865/511
f 792/867/512 793/868/512 781/856/512
f 793/868/513 806/880/513 794/869/513
f 806/880/514 795/881/514 794/869/514
f 795/881/515 808/882/515 796/870/515
f 808/882/516 797/883/516 796/870/516
f 809/884/517 798/872/517 797/883/517
f 810/885/518 799/886/518 798/872/518
f 811/887/519 800/875/519 799/888/519
f 812/889/520 801/877/520 800/875/520
f 801/877/521 814/890/521 802/878/521
f 814/890/522 803/879/522 802/878/522
f 803/879/523 816/891/523 804/892/523
f 816/891/524 793/868/524 804/892/524
f 817/893/525 806/880/525 805/894/525
f 818/895/526 807/896/526 806/880/526
f 807/896/527 820/897/527 808/882/527
f 820/897/528 809/884/528 808/882/528
f 821/898/529 810/885/529 809/884/529
f 822/899/530 811/900/530 810/885/530
f 823/901/531 812/889/531 811/887/531
f 824/902/532 813/903/532 812/889/532
f 825/904/533 814/890/533 813/903/533
f 826/905/534 815/906/534 814/890/534
f 815/906/535 828/907/535 816/891/535
f 816/891/536 817/893/536 805/894/536
f 829/908/537 818/895/537 817/893/537
f 830/909/538 819/910/538 818/895/538
f 819/910/539 832/911/539 820/897/539
f 832/911/540 821/898/540 820/897/540
f 833/912/541 822/899/541 821/898/541
f 822/899/542 835/913/542 823/914/542
f 835/915/543 824/902/543 823/901/543
f 836/916/544 825/904/544 824/902/544
f 825/904/545 838/917/545 826/905/545
f 838/917/546 827/918/546 826/905/546
f 827/918/547 840/919/547 828/907/547
f 828/907/548 829/908/548 817/893/548
f 841/920/549 830/909/549 829/908/549
f 830/909/550 843/921/550 831/922/550
f 831/922/551 844/923/551 832/911/551
f 832/911/552 845/924/552 833/912/552
f 833/912/553 846/925/553 834/926/553
f 846/925/554 835/913/554 834/926/554
f 847/927/555 836/916/555 835/915/555
f 848/928/556 837/929/556 836/916/556
f 849/930/557 838/917/557 837/929/557
f 850/931/558 839/932/558 838/917/558
f 851/933/559 840/919/559 839/932/559
f 840/919/560 841/920/560 829/908/560
f 853/934/561 842/935/561 841/920/561
f 854/936/562 843/921/562 842/935/562
f 855/937/563 844/923/563 843/921/563
f 844/923/564 857/938/564 845/924/564
f 845/924/565 858/939/565 846/925/565
f 858/939/566 847/940/566 846/925/566
f 847/927/567 860/941/567 848/928/567
f 860/941/568 849/930/568 848/928/568
f 861/942/569 850/931/569 849/930/569
f 850/931/570 863/943/570 851/933/570
f 863/943/571 852/944/571 851/933/571
f 852/944/572 853/934/572 841/920/572
f 853/934/573 866/945/573 854/936/573
f 866/945/574 855/937/574 854/936/574
f 867/946/575 856/947/575 855/937/575
f 868/948/576 857/938/576 856/947/576
f 869/949/577 858/939/577 857/938/577
f 858/939/578 871/950/578 859/951/578
f 871/952/579 860/941/579 859/953/579
f 872/954/580 861/942/580 860/941/580
f 861/942/581 874/955/581 862/956/581
f 874/955/582 863/943/582 862/956/582
f 875/957/583 864/958/583 863/943/583
f 876/959/584 853/934/584 864/958/584
f 865/960/302 878/961/302 866/962/302
f 866/962/301 879/963/301 867/964/301
f 867/964/300 880/965/300 868/966/300
f 880/965/299 869/967/299 868/966/299
f 869/967/298 882/968/298 870/969/298
f 882/968/297 871/970/297 870/969/297
f 883/971/308 872/972/308 871/973/308
f 884/974/307 873/975/307 872/972/307
f 885/976/306 874/977/306 873/975/306
f 874/977/305 887/978/305 875/979/305
f 887/978/304 876/980/304 875/979/304
f 888/981/303 865/960/303 876/980/303
f 877/982/314 890/983/314 878/961/314
f 890/983/313 879/963/313 878/961/313
f 891/984/312 880/965/312 879/963/312
f 880/965/311 893/985/311 881/986/311
f 881/986/310 894/987/310 882/968/310
f 894/987/309 883/988/309 882/968/309
f 883/971/320 896/989/320 884/974/320
f 896/989/319 885/976/319 884/974/319
f 897/990/318 886/991/318 885/976/318
f 886/991/317 899/992/317 887/978/317
f 899/992/316 888/981/316 887/978/316
f 900/993/315 877/982/315 888/981/315
f 901/994/326 890/983/326 889/995/326
f 890/983/325 903/996/325 891/984/325
f 903/996/324 892/997/324 891/984/324
f 892/997/323 905/998/323 893/985/323
f 905/998/322 894/987/322 893/985/322
f 906/999/321 895/1000/321 894/987/321
f 907/1001/332 896/989/332 895/1002/332
f 908/1003/585 897/990/585 896/989/585
f 909/1004/330 898/1005/330 897/990/330
f 910/1006/329 899/992/329 898/1005/329
f 911/1007/328 900/993/328 899/992/328
f 900/993/327 901/994/327 889/995/327
f 913/1008/338 902/1009/338 901/994/338
f 914/1010/337 903/996/337 902/1009/337
f 915/1011/336 904/1012/336 903/996/336
f 916/1013/335 905/998/335 904/1012/335
f 917/1014/334 906/999/334 905/998/334
f 918/1015/333 907/1016/333 906/999/333
f 919/1017/344 908/1003/344 907/1001/344
f 920/1018/343 909/1004/343 908/1003/343
f 909/1004/342 922/1019/342 910/1006/342
f 910/1006/341 923/1020/341 911/1007/341
f 911/1007/340 924/1021/340 912/1022/340
f 924/1021/339 901/994/339 912/1022/339
f 913/1008/350 926/1023/350 914/1010/350
f 926/1023/349 915/1011/349 914/1010/349
f 927/1024/348 916/1013/348 915/1011/348
f 916/1013/347 929/1025/347 917/1014/347
f 929/1025/346 918/1015/346 917/1014/346
f 918/1015/345 931/1026/345 919/1027/345
f 931/1028/356 920/1018/356 919/1017/356
f 932/1029/355 921/1030/355 920/1018/355
f 933/1031/354 922/1019/354 921/1030/354
f 922/1019/353 935/1032/353 923/1020/353
f 923/1020/352 936/1033/352 924/1021/352
f 936/1033/351 913/1008/351 924/1021/351
f 937/1034/362 926/1023/362 925/1035/362
f 938/1036/361 927/1024/361 926/1023/361
f 939/1037/360 928/1038/360 927/1024/360
f 928/1038/359 941/1039/359 929/1025/359
f 941/1039/358 930/1040/358 929/1025/358
f 930/1040/357 943/1041/357 931/1026/357
f 931/1028/368 944/1042/368 932/1029/368
f 944/1042/367 933/1031/367 932/1029/367
f 945/1043/366 934/1044/366 933/1031/366
f 946/1045/365 935/1032/365 934/1044/365
f 935/1032/364 948/1046/364 936/1033/364
f 936/1033/363 937/1034/363 925/1035/363
f 937/1034/374 950/1047/374 938/1036/374
f 950/1047/373 939/1037/373 938/1036/373
f 939/1037/372 952/1048/372 940/1049/372
f 952/1048/371 941/1039/371 940/1049/371
f 953/1050/370 942/1051/370 941/1039/370
f 954/1052/369 943/1041/369 942/1051/369
f 943/1053/380 956/1054/380 944/1042/380
f 956/1054/379 945/1043/379 944/1042/379
f 957/1055/378 946/1045/378 945/1043/378
f 958/1056/377 947/1057/377 946/1045/377
f 947/1057/376 960/1058/376 948/1046/376
f 960/1058/375 937/1034/375 948/1046/375
f 961/1059/386 950/1047/386 949/1060/386
f 962/1061/385 951/1062/385 950/1047/385
f 951/1062/384 964/1063/384 952/1048/384
f 964/1063/383 953/1050/383 952/1048/383
f 953/1050/382 966/1064/382 954/1052/382
f 966/1064/381 955/1065/381 954/1052/381
f 967/1066/392 956/1054/392 955/1067/392
f 968/1068/391 957/1055/391 956/1054/391
f 969/1069/390 958/1056/390 957/1055/390
f 970/1070/389 959/1071/389 958/1056/389
f 971/1072/388 960/1058/388 959/1071/388
f 960/1058/387 961/1059/387 949/1060/387
f 973/1073/398 962/1061/398 961/1059/398
f 974/1074/397 963/1075/397 962/1061/397
f 963/1075/396 976/1076/396 964/1063/396
f 964/1063/395 977/1077/395 965/1078/395
f 965/1078/394 978/1079/394 966/1064/394
f 978/1079/393 967/1080/393 966/1064/393
f 967/1066/404 980/1081/404 968/1068/404
f 980/1081/403 969/1069/403 968/1068/403
f 981/1082/402 970/1070/402 969/1069/402
f 982/1083/401 971/1072/401 970/1070/401
f 983/1084/400 972/1085/400 971/1072/400
f 972/1085/399 973/1073/399 961/1059/399
f 985/1086/410 974/1074/410 973/1073/410
f 986/1087/409 975/1088/409 974/1074/409
f 987/1089/408 976/1076/408 975/1088/408
f 988/1090/586 977/1077/586 976/1076/586
f 989/1091/406 978/1079/406 977/1077/406
f 990/1092/405 979/1093/405 978/1079/405
f 991/1094/416 980/1081/416 979/1095/416
f 980/1081/415 993/1096/415 981/1082/415
f 981/1082/414 994/1097/414 982/1083/414
f 994/1097/413 983/1084/413 982/1083/413
f 995/1098/412 984/1099/412 983/1084/412
f 984/1099/411 985/1086/411 973/1073/411
f 997/1100/422 986/1087/422 985/1086/422
f 986/1087/421 999/1101/421 987/1089/421
f 987/1089/420 1000/1102/420 988/1090/420
f 1000/1102/419 989/1091/419 988/1090/419
f 1001/1103/418 990/1092/418 989/1091/418
f 1002/1104/417 991/1105/417 990/1092/417
f 991/1094/428 1004/1106/428 992/1107/428
f 1004/1106/427 993/1096/427 992/1107/427
f 1005/1108/426 994/1097/426 993/1096/426
f 1006/1109/425 995/1098/425 994/1097/425
f 1007/1110/424 996/1111/424 995/1098/424
f 1008/1112/423 985/1086/423 996/1111/423
f 1009/1113/434 998/1114/434 997/1100/434
f 1010/1115/433 999/1101/433 998/1114/433
f 1011/1116/432 1000/1102/432 999/1101/432
f 1012/1117/431 1001/1103/431 1000/1102/431
f 1013/1118/430 1002/1104/430 1001/1103/430
f 1014/1119/429 1003/1120/429 1002/1104/429
f 1015/1121/440 1004/1106/440 1003/1122/440
f 1016/1123/439 1005/1108/439 1004/1106/439
f 1017/1124/438 1006/1109/438 1005/1108/438
f 1018/1125/437 1007/1110/437 1006/1109/437
f 1007/1110/436 1020/1126/436 1008/1112/436
f 1020/1126/435 997/1100/435 1008/1112/435
f 1021/1127/446 1010/1115/446 1009/1113/446
f 1022/1128/445 1011/1116/445 1010/1115/445
f 1023/1129/444 1012/1117/444 1011/1116/444
f 1024/1130/443 1013/1118/443 1012/1117/443
f 1013/1118/442 1026/1131/442 1014/1119/442
f 1026/1131/441 1015/1132/441 1014/1119/441
f 1015/1121/452 1028/1133/452 1016/1123/452
f 1016/1123/451 1029/1134/451 1017/1124/451
f 1017/1124/450 1030/1135/450 1018/1125/450
f 1018/1125/449 1031/1136/449 1019/1137/449
f 1019/1137/448 1032/1138/448 1020/1126/448
f 1032/1138/447 1009/1113/447 1020/1126/447
f 1033/1139/458 1022/1128/458 1021/1127/458
f 1022/1128/457 1035/1140/457 1023/1129/457
f 1035/1140/456 1024/1130/456 1023/1129/456
f 1036/1141/455 1025/1142/455 1024/1130/455
f 1037/1143/454 1026/1131/454 1025/1142/454
f 1038/1144/453 1027/1145/453 1026/1131/453
f 1039/1146/464 1028/1133/464 1027/1147/464
f 1028/1133/463 1041/1148/463 1029/1134/463
f 1029/1134/462 1042/1149/462 1030/1135/462
f 1042/1149/461 1031/1136/461 1030/1135/461
f 1043/1150/460 1032/1138/460 1031/1136/460
f 1044/1151/459 1021/1127/459 1032/1138/459
f 1045/1152/470 1034/1153/470 1033/1139/470
f 1046/1154/469 1035/1140/469 1034/1153/469
f 1035/1140/468 1048/1155/468 1036/1141/468
f 1048/1155/467 1037/1143/467 1036/1141/467
f 1049/1156/466 1038/1144/466 1037/1143/466
f 1038/1144/465 1051/1157/465 1039/1158/465
f 1051/1159/476 1040/1160/476 1039/1146/476
f 1052/1161/475 1041/1148/475 1040/1160/475
f 1053/1162/474 1042/1149/474 1041/1148/474
f 1054/1163/473 1043/1150/473 1042/1149/473
f 1043/1150/472 1056/1164/472 1044/1151/472
f 1056/1164/471 1033/1139/471 1044/1151/471
f 1045/1152/482 1058/1165/482 1046/1154/482
f 1046/1154/481 1059/1166/481 1047/1167/481
f 1059/1166/480 1048/1155/480 1047/1167/480
f 1060/1168/479 1049/1156/479 1048/1155/479
f 1049/1156/478 1062/1169/478 1050/1170/478
f 1062/1169/477 1051/1157/477 1050/1170/477
f 1063/1171/488 1052/1161/488 1051/1159/488
f 1064/1172/487 1053/1162/487 1052/1161/487
f 1053/1162/486 1066/1173/486 1054/1163/486
f 1054/1163/485 1067/1174/485 1055/1175/485
f 1067/1174/484 1056/1164/484 1055/1175/484
f 1068/1176/483 1045/1152/483 1056/1164/483
f 1057/1177/494 1070/1178/494 1058/1165/494
f 1070/1178/493 1059/1166/493 1058/1165/493
f 1071/1179/492 1060/1168/492 1059/1166/492
f 1072/1180/491 1061/1181/491 1060/1168/491
f 1073/1182/490 1062/1169/490 1061/1181/490
f 1074/1183/489 1063/1184/489 1062/1169/489
f 1075/1185/500 1064/1172/500 1063/1171/500
f 1076/1186/499 1065/1187/499 1064/1172/499
f 1077/1188/498 1066/1173/498 1065/1187/498
f 1078/1189/497 1067/1174/497 1066/1173/497
f 1079/1190/496 1068/1176/496 1067/1174/496
f 1080/1191/495 1057/1177/495 1068/1176/495
f 1081/1192/506 1070/1178/506 1069/1193/506
f 1082/1194/505 1071/1179/505 1070/1178/505
f 1071/1179/504 1084/1195/504 1072/1180/504
f 1084/1195/503 1073/1182/503 1072/1180/503
f 1085/1196/502 1074/1183/502 1073/1182/502
f 1086/1197/501 1075/1198/501 1074/1183/501
f 1075/1185/512 1088/1199/512 1076/1186/512
f 1076/1186/511 1089/1200/511 1077/1188/511
f 1077/1188/510 1090/1201/510 1078/1189/510
f 1090/1201/509 1079/1190/509 1078/1189/509
f 1091/1202/508 1080/1191/508 1079/1190/508
f 1092/1203/507 1069/1193/507 1080/1191/507
f 1081/1192/518 1094/1204/518 1082/1194/518
f 1094/1204/517 1083/1205/517 1082/1194/517
f 1095/1206/516 1084/1195/516 1083/1205/516
f 1084/1195/515 1097/1207/515 1085/1196/515
f 1097/1207/514 1086/1197/514 1085/1196/514
f 1098/1208/513 1087/1209/513 1086/1197/513
f 1099/1210/524 1088/1199/524 1087/1211/524
f 1088/1199/523 1101/1212/523 1089/1200/523
f 1101/1212/522 1090/1201/522 1089/1200/522
f 1090/1201/521 1103/1213/521 1091/1202/521
f 1091/1202/520 1104/1214/520 1092/1203/520
f 1104/1214/519 1081/1192/519 1092/1203/519
f 1105/1215/530 1094/1204/530 1093/1216/530
f 1094/1204/529 1107/1217/529 1095/1206/529
f 1107/1217/528 1096/1218/528 1095/1206/528
f 1108/1219/527 1097/1207/527 1096/1218/527
f 1109/1220/526 1098/1208/526 1097/1207/526
f 1098/1208/525 1111/1221/525 1099/1222/525
f 1111/1223/536 1100/1224/536 1099/1210/536
f 1100/1224/535 1113/1225/535 1101/1212/535
f 1113/1225/534 1102/1226/534 1101/1212/534
f 1114/1227/533 1103/1213/533 1102/1226/533
f 1115/1228/532 1104/1214/532 1103/1213/532
f 1104/1214/531 1105/1215/531 1093/1216/531
f 1117/1229/542 1106/1230/542 1105/1215/542
f 1106/1230/541 1119/1231/541 1107/1217/541
f 1119/1231/540 1108/1219/540 1107/1217/540
f 1108/1219/539 1121/1232/539 1109/1220/539
f 1109/1220/538 1122/1233/538 1110/1234/538
f 1122/1233/537 1111/1221/537 1110/1234/537
f 1123/1235/548 1112/1236/548 1111/1223/548
f 1112/1236/547 1125/1237/547 1113/1225/547
f 1125/1237/546 1114/1227/546 1113/1225/546
f 1114/1227/545 1127/1238/545 1115/1228/545
f 1127/1238/544 1116/1239/544 1115/1228/544
f 1128/1240/543 1105/1215/543 1116/1239/543
f 1129/1241/554 1118/1242/554 1117/1229/554
f 1118/1242/587 1131/1243/587 1119/1231/587
f 1131/1243/588 1120/1244/588 1119/1231/588
f 1132/1245/551 1121/1232/551 1120/1244/551
f 1133/1246/550 1122/1233/550 1121/1232/550
f 1134/1247/549 1123/1248/549 1122/1233/549
f 1135/1249/560 1124/1250/560 1123/1235/560
f 1124/1250/559 1137/1251/559 1125/1237/559
f 1137/1251/558 1126/1252/558 1125/1237/558
f 1126/1252/589 1139/1253/589 1127/1238/589
f 1139/1253/590 1128/1240/590 1127/1238/590
f 1128/1240/555 1129/1241/555 1117/1229/555
f 1141/1254/566 1130/1255/566 1129/1241/566
f 1142/1256/565 1131/1243/565 1130/1255/565
f 1131/1243/564 1144/1257/564 1132/1245/564
f 1132/1245/563 1145/1258/563 1133/1246/563
f 1133/1246/562 1146/1259/562 1134/1247/562
f 1146/1259/561 1135/1260/561 1134/1247/561
f 1147/1261/572 1136/1262/572 1135/1249/572
f 1148/1263/571 1137/1251/571 1136/1262/571
f 1149/1264/570 1138/1265/570 1137/1251/570
f 1150/1266/569 1139/1253/569 1138/1265/569
f 1139/1253/568 1152/1267/568 1140/1268/568
f 1140/1268/567 1141/1254/567 1129/1241/567
f 577/640/578 1142/1256/578 1141/1254/578
f 1142/1256/577 579/642/577 1143/1269/577
f 579/642/576 1144/1257/576 1143/1269/576
f 580/644/575 1145/1258/575 1144/1257/575
f 581/646/574 1146/1259/574 1145/1258/574
f 1146/1259/573 583/650/573 1147/1270/573
f 583/651/584 1148/1263/584 1147/1261/584
f 584/653/583 1149/1264/583 1148/1263/583
f 585/655/582 1150/1266/582 1149/1264/582
f 586/656/581 1151/1271/581 1150/1266/581
f 587/658/580 1152/1267/580 1151/1271/580
f 588/660/579 1141/1254/579 1152/1267/579
f 589/638/297 590/641/297 578/639/297
f 590/641/298 591/643/298 579/642/298
f 591/643/299 592/645/299 580/644/299
f 592/645/300 593/647/300 581/646/300
f 593/647/301 594/649/301 582/648/301
f 594/649/302 595/666/302 583/650/302
f 583/651/303 595/668/303 596/652/303
f 584/653/304 596/652/304 597/654/304
f 597/654/305 598/671/305 586/656/305
f 586/656/306 598/671/306 599/657/306
f 587/658/307 599/657/307 600/659/307
f 600/659/308 589/638/308 577/640/308
f 601/661/309 602/662/309 590/641/309
f 602/662/310 603/674/310 591/643/310
f 591/643/311 603/674/311 604/663/311
f 604/663/312 605/664/312 593/647/312
f 605/664/313 606/665/313 594/649/313
f 606/665/314 607/678/314 595/666/314
f 607/667/315 608/669/315 596/652/315
f 608/669/316 609/681/316 597/654/316
f 597/654/317 609/681/317 610/670/317
f 610/670/318 611/672/318 599/657/318
f 611/672/319 612/685/319 600/659/319
f 600/659/320 612/685/320 601/661/320
f 601/661/321 613/688/321 614/673/321
f 614/673/322 615/690/322 603/674/322
f 603/674/591 615/690/591 616/675/591
f 604/663/324 616/675/324 617/676/324
f 605/664/325 617/676/325 618/677/325
f 618/677/326 619/694/326 607/678/326
f 619/679/327 620/680/327 608/669/327
f 620/680/328 621/682/328 609/681/328
f 621/682/329 622/683/329 610/670/329
f 622/683/592 623/684/592 611/672/592
f 623/684/585 624/686/585 612/685/585
f 624/686/332 613/688/332 601/661/332
f 625/687/333 626/689/333 614/673/333
f 626/689/334 627/702/334 615/690/334
f 615/690/335 627/702/335 628/691/335
f 628/691/336 629/692/336 617/676/336
f 629/692/337 630/693/337 618/677/337
f 630/693/338 631/706/338 619/694/338
f 631/695/339 632/696/339 620/680/339
f 632/696/340 633/709/340 621/682/340
f 621/682/341 633/709/341 634/697/341
f 634/697/342 635/698/342 623/684/342
f 635/698/343 636/699/343 624/686/343
f 636/699/344 625/687/344 613/688/344
f 637/700/345 638/714/345 626/689/345
f 626/689/346 638/714/346 639/701/346
f 627/702/347 639/701/347 640/703/347
f 640/703/348 641/704/348 629/692/348
f 641/704/349 642/705/349 630/693/349
f 642/705/350 643/719/350 631/706/350
f 643/707/351 644/721/351 632/696/351
f 632/696/352 644/721/352 645/708/352
f 633/709/353 645/708/353 646/710/353
f 646/710/354 647/711/354 635/698/354
f 647/711/355 648/712/355 636/699/355
f 648/712/356 637/700/356 625/687/356
f 649/713/357 650/715/357 638/714/357
f 650/715/358 651/716/358 639/701/358
f 651/716/359 652/717/359 640/703/359
f 652/717/360 653/729/360 641/704/360
f 641/704/361 653/729/361 654/718/361
f 654/718/362 655/731/362 643/719/362
f 655/720/363 656/722/363 644/721/363
f 656/722/364 657/723/364 645/708/364
f 657/723/365 658/724/365 646/710/365
f 658/724/366 659/734/366 647/711/366
f 647/711/367 659/734/367 660/725/367
f 660/725/368 649/713/368 637/700/368
f 649/713/369 661/738/369 662/726/369
f 662/726/370 663/727/370 651/716/370
f 663/727/371 664/728/371 652/717/371
f 664/728/372 665/741/372 653/729/372
f 653/729/373 665/741/373 666/730/373
f 666/730/374 667/743/374 655/731/374
f 655/720/375 667/745/375 668/732/375
f 668/732/376 669/747/376 657/723/376
f 657/723/377 669/747/377 670/733/377
f 670/733/378 671/735/378 659/734/378
f 671/735/379 672/736/379 660/725/379
f 672/736/380 661/738/380 649/713/380
f 673/737/381 674/753/381 662/726/381
f 662/726/382 674/753/382 675/739/382
f 663/727/383 675/739/383 676/740/383
f 676/740/384 677/757/384 665/741/384
f 665/741/385 677/757/385 678/742/385
f 678/742/386 679/760/386 667/743/386
f 679/744/387 680/746/387 668/732/387
f 680/746/388 681/748/388 669/747/388
f 681/748/389 682/749/389 670/733/389
f 682/749/390 683/750/390 671/735/390
f 683/750/391 684/751/391 672/736/391
f 684/751/392 673/737/392 661/738/392
f 685/752/393 686/754/393 674/753/393
f 686/754/394 687/755/394 675/739/394
f 687/755/395 688/756/395 676/740/395
f 688/756/396 689/758/396 677/757/396
f 689/758/397 690/759/397 678/742/397
f 690/759/398 691/772/398 679/760/398
f 691/761/399 692/762/399 680/746/399
f 692/762/400 693/774/400 681/748/400
f 681/748/401 693/774/401 694/763/401
f 694/763/402 695/764/402 683/750/402
f 695/764/403 696/765/403 684/751/403
f 696/765/404 685/752/404 673/737/404
f 697/766/405 698/767/405 686/754/405
f 698/767/406 699/768/406 687/755/406
f 699/768/586 700/769/586 688/756/586
f 700/769/408 701/770/408 689/758/408
f 701/770/409 702/771/409 690/759/409
f 702/771/410 703/782/410 691/772/410
f 691/761/411 703/784/411 704/773/411
f 704/773/412 705/775/412 693/774/412
f 705/775/413 706/787/413 694/763/413
f 694/763/414 706/787/414 707/776/414
f 695/764/415 707/776/415 708/777/415
f 696/765/416 708/777/416 697/766/416
f 697/766/417 709/790/417 710/778/417
f 710/778/418 711/779/418 699/768/418
f 711/779/419 712/780/419 700/769/419
f 712/780/420 713/793/420 701/770/420
f 701/770/421 713/793/421 714/781/421
f 714/781/422 715/796/422 703/782/422
f 715/783/423 716/785/423 704/773/423
f 716/785/424 717/786/424 705/775/424
f 717/786/425 718/800/425 706/787/425
f 706/787/426 718/800/426 719/788/426
f 719/788/427 720/789/427 708/777/427
f 720/789/428 709/790/428 697/766/428
f 709/790/429 721/804/429 722/791/429
f 722/791/430 723/806/430 711/779/430
f 711/779/431 723/806/431 724/792/431
f 724/792/432 725/794/432 713/793/432
f 725/794/433 726/795/433 714/781/433
f 726/795/434 727/811/434 715/796/434
f 727/797/435 728/798/435 716/785/435
f 728/798/436 729/813/436 717/786/436
f 717/786/437 729/813/437 730/799/437
f 730/799/438 731/801/438 719/788/438
f 731/801/439 732/802/439 720/789/439
f 732/802/440 721/804/440 709/790/440
f 733/803/441 734/805/441 722/791/441
f 734/805/442 735/807/442 723/806/442
f 735/807/443 736/808/443 724/792/443
f 736/808/444 737/819/444 725/794/444
f 725/794/445 737/819/445 738/809/445
f 726/795/446 738/809/446 739/810/446
f 727/797/447 739/822/447 740/812/447
f 740/812/448 741/824/448 729/813/448
f 729/813/449 741/824/449 742/814/449
f 742/814/450 743/827/450 731/801/450
f 731/801/451 743/827/451 744/815/451
f 744/815/452 733/803/452 721/804/452
f 733/803/453 745/830/453 746/816/453
f 746/816/454 747/817/454 735/807/454
f 747/817/455 748/833/455 736/808/455
f 736/808/456 748/833/456 749/818/456
f 749/818/457 750/820/457 738/809/457
f 750/820/458 751/836/458 739/810/458
f 751/821/459 752/823/459 740/812/459
f 752/823/460 753/825/460 741/824/460
f 753/825/461 754/826/461 742/814/461
f 754/826/462 755/828/462 743/827/462
f 755/828/463 756/829/463 744/815/463
f 756/829/464 745/830/464 733/803/464
f 745/830/465 757/843/465 758/831/465
f 758/831/466 759/832/466 747/817/466
f 759/832/467 760/846/467 748/833/467
f 748/833/468 760/846/468 761/834/468
f 761/834/469 762/835/469 750/820/469
f 762/835/470 763/849/470 751/836/470
f 763/837/471 764/838/471 752/823/471
f 764/838/472 765/839/472 753/825/472
f 765/839/473 766/840/473 754/826/473
f 766/840/474 767/854/474 755/828/474
f 755/828/475 767/854/475 768/841/475
f 768/841/476 757/843/476 745/830/476
f 769/842/477 770/844/477 758/831/477
f 770/844/478 771/858/478 759/832/478
f 759/832/479 771/858/479 772/845/479
f 772/845/480 773/847/480 761/834/480
f 773/847/481 774/848/481 762/835/481
f 774/848/482 775/862/482 763/849/482
f 775/850/483 776/851/483 764/838/483
f 776/851/484 777/852/484 765/839/484
f 777/852/485 778/853/485 766/840/485
f 778/853/486 779/866/486 767/854/486
f 767/854/487 779/866/487 780/855/487
f 780/855/488 769/842/488 757/843/488
f 781/856/489 782/857/489 770/844/489
f 782/857/490 783/859/490 771/858/490
f 783/859/491 784/860/491 772/845/491
f 784/860/492 785/871/492 773/847/492
f 773/847/493 785/871/493 786/861/493
f 786/861/494 787/873/494 775/862/494
f 775/850/495 787/874/495 788/863/495
f 788/863/496 789/876/496 777/852/496
f 777/852/497 789/876/497 790/864/497
f 778/853/498 790/864/498 791/865/498
f 779/866/499 791/865/499 792/867/499
f 792/867/500 781/856/500 769/842/500
f 793/868/501 794/869/501 782/857/501
f 794/869/502 795/881/502 783/859/502
f 783/859/503 795/881/503 796/870/503
f 796/870/504 797/883/504 785/871/504
f 785/871/505 797/883/505 798/872/505
f 798/872/506 799/886/506 787/873/506
f 787/874/507 799/888/507 800/875/507
f 800/875/508 801/877/508 789/876/508
f 801/877/509 802/878/509 790/864/509
f 802/878/510 803/879/510 791/865/510
f 803/879/511 804/892/511 792/867/511
f 792/867/512 804/892/512 793/868/512
f 793/868/513 805/894/513 806/880/513
f 806/880/514 807/896/514 795/881/514
f 795/881/515 807/896/515 808/882/515
f 808/882/516 809/884/516 797/883/516
f 809/884/517 810/885/517 798/872/517
f 810/885/518 811/900/518 799/886/518
f 811/887/519 812/889/519 800/875/519
f 812/889/520 813/903/520 801/877/520
f 801/877/521 813/903/521 814/890/521
f 814/890/522 815/906/522 803/879/522
f 803/879/523 815/906/523 816/891/523
f 816/891/524 805/894/524 793/868/524
f 817/893/525 818/895/525 806/880/525
f 818/895/526 819/910/526 807/896/526
f 807/896/527 819/910/527 820/897/527
f 820/897/528 821/898/528 809/884/528
f 821/898/529 822/899/529 810/885/529
f 822/899/530 823/914/530 811/900/530
f 823/901/531 824/902/531 812/889/531
f 824/902/532 825/904/532 813/903/532
f 825/904/533 826/905/533 814/890/533
f 826/905/534 827/918/534 815/906/534
f 815/906/535 827/918/535 828/907/535
f 816/891/536 828/907/536 817/893/536
f 829/908/537 830/909/537 818/895/537
f 830/909/538 831/922/538 819/910/538
f 819/910/539 831/922/539 832/911/539
f 832/911/540 833/912/540 821/898/540
f 833/912/541 834/926/541 822/899/541
f 822/899/542 834/926/542 835/913/542
f 835/915/543 836/916/543 824/902/543
f 836/916/544 837/929/544 825/904/544
f 825/904/545 837/929/545 838/917/545
f 838/917/546 839/932/546 827/918/546
f 827/918/547 839/932/547 840/919/547
f 828/907/548 840/919/548 829/908/548
f 841/920/549 842/935/549 830/909/549
f 830/909/550 842/935/550 843/921/550
f 831/922/551 843/921/551 844/923/551
f 832/911/552 844/923/552 845/924/552
f 833/912/587 845/924/587 846/925/587
f 846/925/554 847/940/554 835/913/554
f 847/927/555 848/928/555 836/916/555
f 848/928/590 849/930/590 837/929/590
f 849/930/557 850/931/557 838/917/557
f 850/931/558 851/933/558 839/932/558
f 851/933/559 852/944/559 840/919/559
f 840/919/560 852/944/560 841/920/560
f 853/934/561 854/936/561 842/935/561
f 854/936/562 855/937/562 843/921/562
f 855/937/563 856/947/563 844/923/563
f 844/923/564 856/947/564 857/938/564
f 845/924/565 857/938/565 858/939/565
f 858/939/566 859/951/566 847/940/566
f 847/927/567 859/953/567 860/941/567
f 860/941/568 861/942/568 849/930/568
f 861/942/569 862/956/569 850/931/569
f 850/931/570 862/956/570 863/943/570
f 863/943/571 864/958/571 852/944/571
f 852/944/572 864/958/572 853/934/572
f 853/934/573 865/1272/573 866/945/573
f 866/945/574 867/946/574 855/937/574
f 867/946/575 868/948/575 856/947/575
f 868/948/576 869/949/576 857/938/576
f 869/949/577 870/1273/577 858/939/577
f 858/939/578 870/1273/578 871/950/578
f 871/952/579 872/954/579 860/941/579
f 872/954/580 873/1274/580 861/942/580
f 861/942/581 873/1274/581 874/955/581
f 874/955/582 875/957/582 863/943/582
f 875/957/583 876/959/583 864/958/583
f 876/959/584 865/1272/584 853/934/584
f 865/960/302 877/982/302 878/961/302
f 866/962/301 878/961/301 879/963/301
f 867/964/300 879/963/300 880/965/300
f 880/965/299 881/986/299 869/967/299
f 869/967/298 881/986/298 882/968/298
f 882/968/297 883/988/297 871/970/297
f 883/971/308 884/974/308 872/972/308
f 884/974/307 885/976/307 873/975/307
f 885/976/306 886/991/306 874/977/306
f 874/977/305 886/991/305 887/978/305
f 887/978/304 888/981/304 876/980/304
f 888/981/303 877/982/303 865/960/303
f 877/982/314 889/995/314 890/983/314
f 890/983/313 891/984/313 879/963/313
f 891/984/312 892/997/312 880/965/312
f 880/965/311 892/997/311 893/985/311
f 881/986/310 893/985/310 894/987/310
f 894/987/309 895/1000/309 883/988/309
f 883/971/320 895/1002/320 896/989/320
f 896/989/319 897/990/319 885/976/319
f 897/990/318 898/1005/318 886/991/318
f 886/991/317 898/1005/317 899/992/317
f 899/992/316 900/993/316 888/981/316
f 900/993/315 889/995/315 877/982/315
f 901/994/326 902/1009/326 890/983/326
f 890/983/325 902/1009/325 903/996/325
f 903/996/324 904/1012/324 892/997/324
f 892/997/323 904/1012/323 905/998/323
f 905/998/322 906/999/322 894/987/322
f 906/999/321 907/1016/321 895/1000/321
f 907/1001/332 908/1003/332 896/989/332
f 908/1003/585 909/1004/585 897/990/585
f 909/1004/330 910/1006/330 898/1005/330
f 910/1006/329 911/1007/329 899/992/329
f 911/1007/328 912/1022/328 900/993/328
f 900/993/327 912/1022/327 901/994/327
f 913/1008/338 914/1010/338 902/1009/338
f 914/1010/337 915/1011/337 903/996/337
f 915/1011/336 916/1013/336 904/1012/336
f 916/1013/335 917/1014/335 905/998/335
f 917/1014/334 918/1015/334 906/999/334
f 918/1015/333 919/1027/333 907/1016/333
f 919/1017/344 920/1018/344 908/1003/344
f 920/1018/343 921/1030/343 909/1004/343
f 909/1004/342 921/1030/342 922/1019/342
f 910/1006/341 922/1019/341 923/1020/341
f 911/1007/340 923/1020/340 924/1021/340
f 924/1021/339 913/1008/339 901/994/339
f 913/1008/350 925/1035/350 926/1023/350
f 926/1023/349 927/1024/349 915/1011/349
f 927/1024/348 928/1038/348 916/1013/348
f 916/1013/347 928/1038/347 929/1025/347
f 929/1025/346 930/1040/346 918/1015/346
f 918/1015/345 930/1040/345 931/1026/345
f 931/1028/356 932/1029/356 920/1018/356
f 932/1029/355 933/1031/355 921/1030/355
f 933/1031/354 934/1044/354 922/1019/354
f 922/1019/353 934/1044/353 935/1032/353
f 923/1020/352 935/1032/352 936/1033/352
f 936/1033/351 925/1035/351 913/1008/351
f 937/1034/362 938/1036/362 926/1023/362
f 938/1036/361 939/1037/361 927/1024/361
f 939/1037/360 940/1049/360 928/1038/360
f 928/1038/359 940/1049/359 941/1039/359
f 941/1039/358 942/1051/358 930/1040/358
f 930/1040/357 942/1051/357 943/1041/357
f 931/1028/368 943/1053/368 944/1042/368
f 944/1042/367 945/1043/367 933/1031/367
f 945/1043/366 946/1045/366 934/1044/366
f 946/1045/365 947/1057/365 935/1032/365
f 935/1032/364 947/1057/364 948/1046/364
f 936/1033/363 948/1046/363 937/1034/363
f 937/1034/374 949/1060/374 950/1047/374
f 950/1047/373 951/1062/373 939/1037/373
f 939/1037/372 951/1062/372 952/1048/372
f 952/1048/371 953/1050/371 941/1039/371
f 953/1050/370 954/1052/370 942/1051/370
f 954/1052/369 955/1065/369 943/1041/369
f 943/1053/380 955/1067/380 956/1054/380
f 956/1054/379 957/1055/379 945/1043/379
f 957/1055/378 958/1056/378 946/1045/378
f 958/1056/377 959/1071/377 947/1057/377
f 947/1057/376 959/1071/376 960/1058/376
f 960/1058/375 949/1060/375 937/1034/375
f 961/1059/386 962/1061/386 950/1047/386
f 962/1061/385 963/1075/385 951/1062/385
f 951/1062/384 963/1075/384 964/1063/384
f 964/1063/383 965/1078/383 953/1050/383
f 953/1050/382 965/1078/382 966/1064/382
f 966/1064/381 967/1080/381 955/1065/381
f 967/1066/392 968/1068/392 956/1054/392
f 968/1068/391 969/1069/391 957/1055/391
f 969/1069/390 970/1070/390 958/1056/390
f 970/1070/389 971/1072/389 959/1071/389
f 971/1072/388 972/1085/388 960/1058/388
f 960/1058/387 972/1085/387 961/1059/387
f 973/1073/398 974/1074/398 962/1061/398
f 974/1074/397 975/1088/397 963/1075/397
f 963/1075/396 975/1088/396 976/1076/396
f 964/1063/395 976/1076/395 977/1077/395
f 965/1078/394 977/1077/394 978/1079/394
f 978/1079/393 979/1093/393 967/1080/393
f 967/1066/404 979/1095/404 980/1081/404
f 980/1081/403 981/1082/403 969/1069/403
f 981/1082/402 982/1083/402 970/1070/402
f 982/1083/401 983/1084/401 971/1072/401
f 983/1084/400 984/1099/400 972/1085/400
f 972/1085/399 984/1099/399 973/1073/399
f 985/1086/410 986/1087/410 974/1074/410
f 986/1087/409 987/1089/409 975/1088/409
f 987/1089/408 988/1090/408 976/1076/408
f 988/1090/586 989/1091/586 977/1077/586
f 989/1091/406 990/1092/406 978/1079/406
f 990/1092/405 991/1105/405 979/1093/405
f 991/1094/416 992/1107/416 980/1081/416
f 980/1081/415 992/1107/415 993/1096/415
f 981/1082/414 993/1096/414 994/1097/414
f 994/1097/413 995/1098/413 983/1084/413
f 995/1098/412 996/1111/412 984/1099/412
f 984/1099/411 996/1111/411 985/1086/411
f 997/1100/422 998/1114/422 986/1087/422
f 986/1087/421 998/1114/421 999/1101/421
f 987/1089/420 999/1101/420 1000/1102/420
f 1000/1102/419 1001/1103/419 989/1091/419
f 1001/1103/418 1002/1104/418 990/1092/418
f 1002/1104/417 1003/1120/417 991/1105/417
f 991/1094/428 1003/1122/428 1004/1106/428
f 1004/1106/427 1005/1108/427 993/1096/427
f 1005/1108/426 1006/1109/426 994/1097/426
f 1006/1109/425 1007/1110/425 995/1098/425
f 1007/1110/424 1008/1112/424 996/1111/424
f 1008/1112/423 997/1100/423 985/1086/423
f 1009/1113/434 1010/1115/434 998/1114/434
f 1010/1115/433 1011/1116/433 999/1101/433
f 1011/1116/432 1012/1117/432 1000/1102/432
f 1012/1117/431 1013/1118/431 1001/1103/431
f 1013/1118/430 1014/1119/430 1002/1104/430
f 1014/1119/429 1015/1132/429 1003/1120/429
f 1015/1121/440 1016/1123/440 1004/1106/440
f 1016/1123/439 1017/1124/439 1005/1108/439
f 1017/1124/438 1018/1125/438 1006/1109/438
f 1018/1125/437 1019/1137/437 1007/1110/437
f 1007/1110/436 1019/1137/436 1020/1126/436
f 1020/1126/435 1009/1113/435 997/1100/435
f 1021/1127/446 1022/1128/446 1010/1115/446
f 1022/1128/445 1023/1129/445 1011/1116/445
f 1023/1129/444 1024/1130/444 1012/1117/444
f 1024/1130/443 1025/1142/443 1013/1118/443
f 1013/1118/442 1025/1142/442 1026/1131/442
f 1026/1131/441 1027/1145/441 1015/1132/441
f 1015/1121/452 1027/1147/452 1028/1133/452
f 1016/1123/451 1028/1133/451 1029/1134/451
f 1017/1124/450 1029/1134/450 1030/1135/450
f 1018/1125/449 1030/1135/449 1031/1136/449
f 1019/1137/448 1031/1136/448 1032/1138/448
f 1032/1138/447 1021/1127/447 1009/1113/447
f 1033/1139/458 1034/1153/458 1022/1128/458
f 1022/1128/457 1034/1153/457 1035/1140/457
f 1035/1140/456 1036/1141/456 1024/1130/456
f 1036/1141/455 1037/1143/455 1025/1142/455
f 1037/1143/454 1038/1144/454 1026/1131/454
f 1038/1144/453 1039/1158/453 1027/1145/453
f 1039/1146/464 1040/1160/464 1028/1133/464
f 1028/1133/463 1040/1160/463 1041/1148/463
f 1029/1134/462 1041/1148/462 1042/1149/462
f 1042/1149/461 1043/1150/461 1031/1136/461
f 1043/1150/460 1044/1151/460 1032/1138/460
f 1044/1151/459 1033/1139/459 1021/1127/459
f 1045/1152/470 1046/1154/470 1034/1153/470
f 1046/1154/469 1047/1167/469 1035/1140/469
f 1035/1140/468 1047/1167/468 1048/1155/468
f 1048/1155/467 1049/1156/467 1037/1143/467
f 1049/1156/466 1050/1170/466 1038/1144/466
f 1038/1144/465 1050/1170/465 1051/1157/465
f 1051/1159/476 1052/1161/476 1040/1160/476
f 1052/1161/475 1053/1162/475 1041/1148/475
f 1053/1162/474 1054/1163/474 1042/1149/474
f 1054/1163/473 1055/1175/473 1043/1150/473
f 1043/1150/472 1055/1175/472 1056/1164/472
f 1056/1164/471 1045/1152/471 1033/1139/471
f 1045/1152/482 1057/1177/482 1058/1165/482
f 1046/1154/481 1058/1165/481 1059/1166/481
f 1059/1166/480 1060/1168/480 1048/1155/480
f 1060/1168/479 1061/1181/479 1049/1156/479
f 1049/1156/478 1061/1181/478 1062/1169/478
f 1062/1169/477 1063/1184/477 1051/1157/477
f 1063/1171/488 1064/1172/488 1052/1161/488
f 1064/1172/487 1065/1187/487 1053/1162/487
f 1053/1162/486 1065/1187/486 1066/1173/486
f 1054/1163/485 1066/1173/485 1067/1174/485
f 1067/1174/484 1068/1176/484 1056/1164/484
f 1068/1176/483 1057/1177/483 1045/1152/483
f 1057/1177/494 1069/1193/494 1070/1178/494
f 1070/1178/493 1071/1179/493 1059/1166/493
f 1071/1179/492 1072/1180/492 1060/1168/492
f 1072/1180/491 1073/1182/491 1061/1181/491
f 1073/1182/490 1074/1183/490 1062/1169/490
f 1074/1183/489 1075/1198/489 1063/1184/489
f 1075/1185/500 1076/1186/500 1064/1172/500
f 1076/1186/499 1077/1188/499 1065/1187/499
f 1077/1188/498 1078/1189/498 1066/1173/498
f 1078/1189/497 1079/1190/497 1067/1174/497
f 1079/1190/496 1080/1191/496 1068/1176/496
f 1080/1191/495 1069/1193/495 1057/1177/495
f 1081/1192/506 1082/1194/506 1070/1178/506
f 1082/1194/505 1083/1205/505 1071/1179/505
f 1071/1179/504 1083/1205/504 1084/1195/504
f 1084/1195/503 1085/1196/503 1073/1182/503
f 1085/1196/502 1086/1197/502 1074/1183/502
f 1086/1197/501 1087/1209/501 1075/1198/501
f 1075/1185/512 1087/1211/512 1088/1199/512
f 1076/1186/511 1088/1199/511 1089/1200/511
f 1077/1188/510 1089/1200/510 1090/1201/510
f 1090/1201/509 1091/1202/509 1079/1190/509
f 1091/1202/508 1092/1203/508 1080/1191/508
f 1092/1203/507 1081/1192/507 1069/1193/507
f 1081/1192/518 1093/1216/518 1094/1204/518
f 1094/1204/517 1095/1206/517 1083/1205/517
f 1095/1206/516 1096/1218/516 1084/1195/516
f 1084/1195/515 1096/1218/515 1097/1207/515
f 1097/1207/514 1098/1208/514 1086/1197/514
f 1098/1208/513 1099/1222/513 1087/1209/513
f 1099/1210/524 1100/1224/524 1088/1199/524
f 1088/1199/523 1100/1224/523 1101/1212/523
f 1101/1212/522 1102/1226/522 1090/1201/522
f 1090/1201/521 1102/1226/521 1103/1213/521
f 1091/1202/520 1103/1213/520 1104/1214/520
f 1104/1214/519 1093/1216/519 1081/1192/519
f 1105/1215/530 1106/1230/530 1094/1204/530
f 1094/1204/529 1106/1230/529 1107/1217/529
f 1107/1217/528 1108/1219/528 1096/1218/528
f 1108/1219/527 1109/1220/527 1097/1207/527
f 1109/1220/526 1110/1234/526 1098/1208/526
f 1098/1208/525 1110/1234/525 1111/1221/525
f 1111/1223/536 1112/1236/536 1100/1224/536
f 1100/1224/535 1112/1236/535 1113/1225/535
f 1113/1225/534 1114/1227/534 1102/1226/534
f 1114/1227/533 1115/1228/533 1103/1213/533
f 1115/1228/532 1116/1239/532 1104/1214/532
f 1104/1214/531 1116/1239/531 1105/1215/531
f 1117/1229/542 1118/1242/542 1106/1230/542
f 1106/1230/541 1118/1242/541 1119/1231/541
f 1119/1231/540 1120/1244/540 1108/1219/540
f 1108/1219/539 1120/1244/539 1121/1232/539
f 1109/1220/538 1121/1232/538 1122/1233/538
f 1122/1233/537 1123/1248/537 1111/1221/537
f 1123/1235/548 1124/1250/548 1112/1236/548
f 1112/1236/547 1124/1250/547 1125/1237/547
f 1125/1237/546 1126/1252/546 1114/1227/546
f 1114/1227/545 1126/1252/545 1127/1238/545
f 1127/1238/544 1128/1240/544 1116/1239/544
f 1128/1240/543 1117/1229/543 1105/1215/543
f 1129/1241/554 1130/1255/554 1118/1242/554
f 1118/1242/553 1130/1255/553 1131/1243/553
f 1131/1243/552 1132/1245/552 1120/1244/552
f 1132/1245/551 1133/1246/551 1121/1232/551
f 1133/1246/550 1134/1247/550 1122/1233/550
f 1134/1247/549 1135/1260/549 1123/1248/549
f 1135/1249/560 1136/1262/560 1124/1250/560
f 1124/1250/559 1136/1262/559 1137/1251/559
f 1137/1251/558 1138/1265/558 1126/1252/558
f 1126/1252/557 1138/1265/557 1139/1253/557
f 1139/1253/556 1140/1268/556 1128/1240/556
f 1128/1240/555 1140/1268/555 1129/1241/555
f 1141/1254/566 1142/1256/566 1130/1255/566
f 1142/1256/565 1143/1269/565 1131/1243/565
f 1131/1243/564 1143/1269/564 1144/1257/564
f 1132/1245/563 1144/1257/563 1145/1258/563
f 1133/1246/562 1145/1258/562 1146/1259/562
f 1146/1259/561 1147/1270/561 1135/1260/561
f 1147/1261/572 1148/1263/572 1136/1262/572
f 1148/1263/571 1149/1264/571 1137/1251/571
f 1149/1264/570 1150/1266/570 1138/1265/570
f 1150/1266/569 1151/1271/569 1139/1253/569
f 1139/1253/568 1151/1271/568 1152/1267/568
f 1140/1268/567 1152/1267/567 1141/1254/567
f 577/640/578 578/639/578 1142/1256/578
f 1142/1256/577 578/639/577 579/642/577
f 579/642/576 580/644/576 1144/1257/576
f 580/644/575 581/646/575 1145/1258/575
f 581/646/574 582/648/574 1146/1259/574
f 1146/1259/573 582/648/573 583/650/573
f 583/651/584 584/653/584 1148/1263/584
f 584/653/583 585/655/583 1149/1264/583
f 585/655/582 586/656/582 1150/1266/582
f 586/656/581 587/658/581 1151/1271/581
f 587/658/580 588/660/580 1152/1267/580
f 588/660/579 577/640/579 1141/1254/579
